"","ID.","Habitat","ResDimension","ConDimension","Model","AIC","BIC"
"2",39835,"Freshwater",2,2,"HolFit",-100.71673107138,-100.398964904661
"3",39835,"Freshwater",2,2,"QuaFit",NA,NA
"4",39835,"Freshwater",2,2,"GenFit",-100.320091210859,-100.081766585819
"5",39835,"Freshwater",2,2,"CubFit",-100.052826581918,-99.8145019568782
"6",39836,"Freshwater",1,1,"HolFit",-180.428102584977,-179.217762213001
"7",39836,"Freshwater",1,1,"QuaFit",-191.851427200844,-190.338501735874
"8",39836,"Freshwater",1,1,"GenFit",-195.128782868223,-194.221027589241
"9",39836,"Freshwater",1,1,"CubFit",-90.1475708712994,-89.2398155923173
"10",39837,"Freshwater",1,1,"HolFit",-168.961156544781,-167.750816172805
"11",39837,"Freshwater",1,1,"QuaFit",-168.367043019496,-166.854117554526
"12",39837,"Freshwater",1,1,"GenFit",-118.37514992442,-117.467394645438
"13",39837,"Freshwater",1,1,"CubFit",-119.539088815524,-118.631333536542
"14",39838,"Freshwater",1,1,"HolFit",-201.404303377441,-200.193963005465
"15",39838,"Freshwater",1,1,"QuaFit",-199.546383211588,-198.033457746618
"16",39838,"Freshwater",1,1,"GenFit",-203.459533559537,-202.551778280555
"17",39838,"Freshwater",1,1,"CubFit",-199.092041467592,-198.18428618861
"18",39839,"Freshwater",1,1,"HolFit",-190.766749996257,-189.556409624281
"19",39839,"Freshwater",1,1,"QuaFit",-194.139299947653,-192.626374482682
"20",39839,"Freshwater",1,1,"GenFit",-182.4869241691,-181.579168890118
"21",39839,"Freshwater",1,1,"CubFit",-161.56030215214,-160.652546873157
"22",39840,"Freshwater",2,2,"HolFit",-12.0763229797263,-5.74224722590186
"23",39840,"Freshwater",2,2,"QuaFit",-10.7539452897457,-2.83635059746516
"24",39840,"Freshwater",2,2,"GenFit",-12.3871896179576,-7.63663280258929
"25",39840,"Freshwater",2,2,"CubFit",-6.03443336813713,-1.2838765527688
"26",39841,"Freshwater",2,2,"HolFit",-25.9876330085069,-19.1333447416897
"27",39841,"Freshwater",2,2,"QuaFit",-32.616104246142,-24.0482439126205
"28",39841,"Freshwater",2,2,"GenFit",-33.6114302618588,-28.4707140617459
"29",39841,"Freshwater",2,2,"CubFit",14.1469544901304,19.2876706902433
"30",39842,"Freshwater",2,2,"HolFit",-0.0557007596057559,6.04974133885889
"31",39842,"Freshwater",2,2,"QuaFit",1.83068750093461,9.46249012401541
"32",39842,"Freshwater",2,2,"GenFit",4.04488975953239,8.62397133338087
"33",39842,"Freshwater",2,2,"CubFit",16.3852826453701,20.9643642192186
"34",39843,"Freshwater",2,2,"HolFit",-20.8176860886439,-15.4888680479431
"35",39843,"Freshwater",2,2,"QuaFit",-20.538195438512,-13.877172887636
"36",39843,"Freshwater",2,2,"GenFit",-25.2298286752123,-21.2332151446867
"37",39843,"Freshwater",2,2,"CubFit",13.6122997408955,17.6089132714211
"38",39844,"Freshwater",2,2,"HolFit",-20.973728169713,-14.0230496965795
"39",39844,"Freshwater",2,2,"QuaFit",-22.755850833576,-14.0675027421592
"40",39844,"Freshwater",2,2,"GenFit",-25.4279158725471,-20.214907017697
"41",39844,"Freshwater",2,2,"CubFit",-13.74505342043,-8.53204456557985
"42",39845,"Freshwater",2,2,"HolFit",-11.7422496350324,-7.03003431364058
"43",39845,"Freshwater",2,2,"QuaFit",-9.9844225660767,-4.09415341433697
"44",39845,"Freshwater",2,2,"GenFit",-14.4449927072184,-10.9108312161745
"45",39845,"Freshwater",2,2,"CubFit",10.1277123643781,13.6618738554219
"46",39846,"Freshwater",2,2,"HolFit",-11.4937749255651,-6.95179806184854
"47",39846,"Freshwater",2,2,"QuaFit",-9.51065329139076,-3.83318221174501
"48",39846,"Freshwater",2,2,"GenFit",-10.4551408552393,-7.04865820745183
"49",39846,"Freshwater",2,2,"CubFit",-6.90216248101398,-3.49567983322653
"50",39847,"Freshwater",2,2,"HolFit",-29.0610539748323,-23.3251051568917
"51",39847,"Freshwater",2,2,"QuaFit",-32.4441979730312,-25.2742619506055
"52",39847,"Freshwater",2,2,"GenFit",-32.1939080033059,-27.8919463898504
"53",39847,"Freshwater",2,2,"CubFit",-27.4079008217316,-23.1059392082761
"54",39848,"Freshwater",2,2,"HolFit",-9.58489482029345,-4.70939152082065
"55",39848,"Freshwater",2,2,"QuaFit",-7.82929400989246,-1.73491488555146
"56",39848,"Freshwater",2,2,"GenFit",-10.4581204331617,-6.80149295855708
"57",39848,"Freshwater",2,2,"CubFit",-8.97206192703,-5.3154344524254
"58",39849,"Freshwater",2,2,"HolFit",-14.1858818384856,-10.0077920875919
"59",39849,"Freshwater",2,2,"QuaFit",-12.2764842756245,-7.05387208700737
"60",39849,"Freshwater",2,2,"GenFit",-11.4063140585652,-8.27274674539492
"61",39849,"Freshwater",2,2,"CubFit",-7.23880304903291,-4.10523573586264
"62",39850,"Freshwater",2,2,"HolFit",-23.905069133278,-20.1273132166123
"63",39850,"Freshwater",2,2,"QuaFit",-29.2946271008978,-24.5724322050656
"64",39850,"Freshwater",2,2,"GenFit",-22.7857772771945,-19.9524603396952
"65",39850,"Freshwater",2,2,"CubFit",-22.5674464115873,-19.7341294740879
"66",39868,"Freshwater",2,2,"HolFit",-84.2872539011432,-85.120216024231
"67",39868,"Freshwater",2,2,"QuaFit",-82.4208354598013,-83.4620381136611
"68",39868,"Freshwater",2,2,"GenFit",-84.0843387736739,-84.7090603659897
"69",39868,"Freshwater",2,2,"CubFit",-79.8320095371073,-80.4567311294231
"70",39869,"Freshwater",2,2,"HolFit",-69.0371303902385,-69.8700925133263
"71",39869,"Freshwater",2,2,"QuaFit",-72.2460312206338,-73.2872338744935
"72",39869,"Freshwater",2,2,"GenFit",-72.5769448091182,-73.201666401434
"73",39869,"Freshwater",2,2,"CubFit",-71.6323184544887,-72.2570400468045
"74",39870,"Freshwater",2,2,"HolFit",-84.117946869627,-84.9509089927147
"75",39870,"Freshwater",2,2,"QuaFit",-82.1691291202759,-83.2103317741357
"76",39870,"Freshwater",2,2,"GenFit",-82.6139240105049,-83.2386456028207
"77",39870,"Freshwater",2,2,"CubFit",-78.1816136387124,-78.8063352310283
"78",39871,"Freshwater",2,2,"HolFit",-64.8524330578981,-65.6853951809859
"79",39871,"Freshwater",2,2,"QuaFit",-73.4146046689943,-74.4558073228541
"80",39871,"Freshwater",2,2,"GenFit",-52.4086145219738,-53.0333361142897
"81",39871,"Freshwater",2,2,"CubFit",-52.408614549132,-53.0333361414478
"82",39873,"Freshwater",2,2,"HolFit",-94.7894866390939,-95.6224487621817
"83",39873,"Freshwater",2,2,"QuaFit",-94.3679029769818,-95.4091056308415
"84",39873,"Freshwater",2,2,"GenFit",-94.571702356341,-95.1964239486568
"85",39873,"Freshwater",2,2,"CubFit",-89.8328868024967,-90.4576083948125
"86",39874,"Freshwater",2,2,"HolFit",-85.4760077931611,-86.3089699162489
"87",39874,"Freshwater",2,2,"QuaFit",-83.7150684906613,-84.756271144521
"88",39874,"Freshwater",2,2,"GenFit",-86.3058757322498,-86.9305973245657
"89",39874,"Freshwater",2,2,"CubFit",-78.237120944068,-78.8618425363838
"90",39875,"Freshwater",2,2,"HolFit",-69.6530828451878,-70.4860449682756
"91",39875,"Freshwater",2,2,"QuaFit",-73.5269158215161,-74.5681184753758
"92",39875,"Freshwater",2,2,"GenFit",-73.5745342624585,-74.1992558547744
"93",39875,"Freshwater",2,2,"CubFit",-73.5330888832083,-74.1578104755242
"94",39876,"Freshwater",2,2,"HolFit",-67.9084383653766,-68.7414004884644
"95",39876,"Freshwater",2,2,"QuaFit",-67.6467724159729,-68.6879750698327
"96",39876,"Freshwater",2,2,"GenFit",-1.93657811860475,-2.56129971092059
"97",39876,"Freshwater",2,2,"CubFit",-53.1605724556449,-53.7852940479608
"98",39877,"Freshwater",2,2,"HolFit",-72.4822951794826,-73.3152573025704
"99",39877,"Freshwater",2,2,"QuaFit",-73.7763694402564,-74.8175720941161
"100",39877,"Freshwater",2,2,"GenFit",-71.3607978717748,-71.9855194640907
"101",39877,"Freshwater",2,2,"CubFit",-69.3791408068845,-70.0038623992004
"102",39878,"Freshwater",2,2,"HolFit",-99.6455053571089,-100.478467480197
"103",39878,"Freshwater",2,2,"QuaFit",-97.6752669165006,-98.7164695703604
"104",39878,"Freshwater",2,2,"GenFit",-101.217587553599,-101.842309145915
"105",39878,"Freshwater",2,2,"CubFit",-95.1479640919742,-95.7726856842901
"106",39879,"Freshwater",2,2,"HolFit",-88.7863884691598,-89.6193505922476
"107",39879,"Freshwater",2,2,"QuaFit",-88.7645145131312,-89.8057171669909
"108",39879,"Freshwater",2,2,"GenFit",-95.9356418107939,-96.5603634031098
"109",39879,"Freshwater",2,2,"CubFit",-72.5140614398099,-73.1387830321257
"110",39880,"Freshwater",2,2,"HolFit",-76.0058749603711,-76.8388370834589
"111",39880,"Freshwater",2,2,"QuaFit",-75.1380939572383,-76.179296611098
"112",39880,"Freshwater",2,2,"GenFit",-62.1747066572579,-62.7994282495738
"113",39880,"Freshwater",2,2,"CubFit",-62.1747058464062,-62.799427438722
"114",39881,"Freshwater",2,2,"HolFit",-79.554057413983,-80.3870195370708
"115",39881,"Freshwater",2,2,"QuaFit",-80.3272952593073,-81.3684979131671
"116",39881,"Freshwater",2,2,"GenFit",-83.66766678326,-84.2923883755758
"117",39881,"Freshwater",2,2,"CubFit",-83.1425484576441,-83.7672700499599
"118",39882,"Freshwater",2,2,"HolFit",-75.7139572729331,-76.5469193960209
"119",39882,"Freshwater",2,2,"QuaFit",-76.087854134142,-77.1290567880017
"120",39882,"Freshwater",2,2,"GenFit",-80.2787008060526,-80.9034223983684
"121",39882,"Freshwater",2,2,"CubFit",-80.6971622580858,-81.3218838504016
"122",39883,"Terrestrial",1,1,"HolFit",-875.696012735725,-868.047920714012
"123",39883,"Terrestrial",1,1,"QuaFit",-880.278870969078,-870.718755941937
"124",39883,"Terrestrial",1,1,"GenFit",-846.264560007438,-840.528490991154
"125",39883,"Terrestrial",1,1,"CubFit",-865.803077226946,-860.067008210662
"126",39885,"Terrestrial",1,1,"HolFit",-104.204800765073,-105.037762888161
"127",39885,"Terrestrial",1,1,"QuaFit",-107.050388564011,-108.091591217871
"128",39885,"Terrestrial",1,1,"GenFit",-107.345447234691,-107.970168827007
"129",39885,"Terrestrial",1,1,"CubFit",-108.332598035293,-108.957319627608
"130",39890,"Freshwater",2,1,"HolFit",-92.3112048069109,-93.1441669299986
"131",39890,"Freshwater",2,1,"QuaFit",-90.8258664466186,-91.8670691004783
"132",39890,"Freshwater",2,1,"GenFit",-89.8455805392327,-90.4703021315485
"133",39890,"Freshwater",2,1,"CubFit",-88.5935431425293,-89.2182647348452
"134",39891,"Freshwater",2,1,"HolFit",-85.0598121946328,-85.8927743177206
"135",39891,"Freshwater",2,1,"QuaFit",-91.3697750873797,-92.4109777412394
"136",39891,"Freshwater",2,1,"GenFit",-89.859600999418,-90.4843225917339
"137",39891,"Freshwater",2,1,"CubFit",-88.9896637115412,-89.614385303857
"138",39892,"Terrestrial",1,1,"HolFit",-278.462397104938,-274.684641188272
"139",39892,"Terrestrial",1,1,"QuaFit",-284.668498697459,-279.946303801627
"140",39892,"Terrestrial",1,1,"GenFit",-212.582966131273,-209.749649193774
"141",39892,"Terrestrial",1,1,"CubFit",-246.169543946463,-243.336227008963
"142",39893,"Terrestrial",1,1,"HolFit",-284.930128060856,-281.368641029271
"143",39893,"Terrestrial",1,1,"QuaFit",-284.08897955153,-279.637120762049
"144",39893,"Terrestrial",1,1,"GenFit",-274.796537504075,-272.125422230386
"145",39893,"Terrestrial",1,1,"CubFit",-280.304239522684,-277.633124248996
"146",39894,"Terrestrial",1,1,"HolFit",-100.8800642023,-101.096423606079
"147",39894,"Terrestrial",1,1,"QuaFit",-106.166827644469,-106.437276899192
"148",39894,"Terrestrial",1,1,"GenFit",-111.196443699041,-111.358713251875
"149",39894,"Terrestrial",1,1,"CubFit",-109.97482314473,-110.137092697565
"150",39895,"Freshwater",2,2,"HolFit",-116.561084326241,-116.243318159521
"151",39895,"Freshwater",2,2,"QuaFit",-119.572482369473,-119.175274661074
"152",39895,"Freshwater",2,2,"GenFit",-119.559721016721,-119.321396391682
"153",39895,"Freshwater",2,2,"CubFit",-111.470226122373,-111.231901497333
"154",39896,"Freshwater",2,2,"HolFit",-120.07613671274,-119.758370546021
"155",39896,"Freshwater",2,2,"QuaFit",-118.19697205686,-117.799764348461
"156",39896,"Freshwater",2,2,"GenFit",-117.49201265453,-117.25368802949
"157",39896,"Freshwater",2,2,"CubFit",-115.272122343759,-115.033797718719
"158",39897,"Freshwater",2,2,"HolFit",-120.609193835047,-120.291427668328
"159",39897,"Freshwater",2,2,"QuaFit",-119.104516592957,-118.707308884558
"160",39897,"Freshwater",2,2,"GenFit",-121.880051944489,-121.641727319449
"161",39897,"Freshwater",2,2,"CubFit",-120.963972066436,-120.725647441397
"162",39898,"Freshwater",2,2,"HolFit",-142.048161062696,-141.730394895976
"163",39898,"Freshwater",2,2,"QuaFit",-140.952073030061,-140.554865321662
"164",39898,"Freshwater",2,2,"GenFit",-131.575538723321,-131.337214098281
"165",39898,"Freshwater",2,2,"CubFit",-109.089566021547,-108.851241396507
"166",39899,"Freshwater",2,2,"HolFit",-128.760538612602,-128.442772445883
"167",39899,"Freshwater",2,2,"QuaFit",-126.869045007045,-126.471837298646
"168",39899,"Freshwater",2,2,"GenFit",-119.996686215727,-119.758361590687
"169",39899,"Freshwater",2,2,"CubFit",-116.255939213752,-116.017614588713
"170",39900,"Freshwater",2,2,"HolFit",-129.251461850527,-128.933695683808
"171",39900,"Freshwater",2,2,"QuaFit",-131.843281854701,-131.446074146302
"172",39900,"Freshwater",2,2,"GenFit",-130.569741095158,-130.331416470119
"173",39900,"Freshwater",2,2,"CubFit",-124.073631665816,-123.835307040776
"174",39901,"Freshwater",2,2,"HolFit",-121.980073717289,-121.66230755057
"175",39901,"Freshwater",2,2,"QuaFit",-121.446387160297,-121.049179451897
"176",39901,"Freshwater",2,2,"GenFit",-106.634966783222,-106.396642158182
"177",39901,"Freshwater",2,2,"CubFit",-89.0311283794169,-88.7928037543774
"178",39902,"Freshwater",2,2,"HolFit",-111.347070610787,-111.029304444067
"179",39902,"Freshwater",2,2,"QuaFit",-109.523512025019,-109.12630431662
"180",39902,"Freshwater",2,2,"GenFit",-113.741026676916,-113.502702051877
"181",39902,"Freshwater",2,2,"CubFit",-112.756448359273,-112.518123734234
"182",39903,"Freshwater",2,2,"HolFit",-108.487362183602,-108.169596016883
"183",39903,"Freshwater",2,2,"QuaFit",-106.692609446825,-106.295401738426
"184",39903,"Freshwater",2,2,"GenFit",-110.773957472967,-110.535632847927
"185",39903,"Freshwater",2,2,"CubFit",-109.7958350162,-109.557510391161
"186",39904,"Freshwater",2,2,"HolFit",-125.381141877445,-125.063375710726
"187",39904,"Freshwater",2,2,"QuaFit",-123.397255429577,-123.000047721177
"188",39904,"Freshwater",2,2,"GenFit",-121.930460379321,-121.692135754281
"189",39904,"Freshwater",2,2,"CubFit",0.715808099413408,0.954132724452915
"190",39905,"Freshwater",2,2,"HolFit",-118.880446598166,-118.562680431447
"191",39905,"Freshwater",2,2,"QuaFit",-117.088385289705,-116.691177581306
"192",39905,"Freshwater",2,2,"GenFit",-120.461438822412,-120.223114197373
"193",39905,"Freshwater",2,2,"CubFit",-107.423094499802,-107.184769874763
"194",39906,"Freshwater",2,2,"HolFit",-126.033286426959,-125.71552026024
"195",39906,"Freshwater",2,2,"QuaFit",-125.723250874261,-125.326043165861
"196",39906,"Freshwater",2,2,"GenFit",-130.222756637073,-129.984432012033
"197",39906,"Freshwater",2,2,"CubFit",-128.520231395427,-128.281906770388
"198",39907,"Terrestrial",1,1,"HolFit",-184.01010268018,-179.645932866747
"199",39907,"Terrestrial",1,1,"QuaFit",-185.813129947064,-180.357917680273
"200",39907,"Terrestrial",1,1,"GenFit",-182.324118447639,-179.050991087564
"201",39907,"Terrestrial",1,1,"CubFit",-185.476978181164,-182.203850821089
"202",39908,"Terrestrial",1,1,"HolFit",-143.170160407701,-142.852394240981
"203",39908,"Terrestrial",1,1,"QuaFit",-146.154852200325,-145.757644491926
"204",39908,"Terrestrial",1,1,"GenFit",-155.26116649288,-155.022841867841
"205",39908,"Terrestrial",1,1,"CubFit",-149.028729677546,-148.790405052506
"206",39909,"Terrestrial",1,1,"HolFit",-139.795063650391,-139.477297483672
"207",39909,"Terrestrial",1,1,"QuaFit",-145.121941061591,-144.724733353192
"208",39909,"Terrestrial",1,1,"GenFit",-145.548842177861,-145.310517552822
"209",39909,"Terrestrial",1,1,"CubFit",-130.381733674018,-130.143409048978
"210",39910,"Freshwater",2,2,"HolFit",764.129391245162,770.884909061617
"211",39910,"Freshwater",2,2,"QuaFit",763.882082239875,772.326479510445
"212",39910,"Freshwater",2,2,"GenFit",815.328660873585,820.395299235927
"213",39910,"Freshwater",2,2,"CubFit",815.328659437876,820.395297800218
"214",39911,"Freshwater",2,2,"HolFit",776.867019037184,783.817697510318
"215",39911,"Freshwater",2,2,"QuaFit",778.332425021169,787.020773112585
"216",39911,"Freshwater",2,2,"GenFit",847.339200134763,852.552208989614
"217",39911,"Freshwater",2,2,"CubFit",847.339200134763,852.552208989613
"218",39912,"Freshwater",2,2,"HolFit",-99.2707204579906,-98.9529542912713
"219",39912,"Freshwater",2,2,"QuaFit",-125.961448916952,-125.564241208553
"220",39912,"Freshwater",2,2,"GenFit",-49.1862816847863,-48.9479570597467
"221",39912,"Freshwater",2,2,"CubFit",-49.1862814885549,-48.9479568635153
"222",39914,"Freshwater",2,2,"HolFit",47.7374664437837,49.3290475349772
"223",39914,"Freshwater",2,2,"QuaFit",49.7326677795561,51.7221441435479
"224",39914,"Freshwater",2,2,"GenFit",41.8370007523349,43.0306865707301
"225",39914,"Freshwater",2,2,"CubFit",43.9687231310012,45.1624089493963
"226",39915,"Terrestrial",1,1,"HolFit",-71.9836439506832,-70.0440173515312
"227",39915,"Terrestrial",1,1,"QuaFit",-71.725748574489,-69.301215325549
"228",39915,"Terrestrial",1,1,"GenFit",-78.196556735269,-76.741836785905
"229",39915,"Terrestrial",1,1,"CubFit",-29.8204163031965,-28.3656963538325
"230",39916,"Terrestrial",1,1,"HolFit",-18.7100062746151,-18.9263656783939
"231",39916,"Terrestrial",1,1,"QuaFit",-33.8079571375014,-34.0784063922249
"232",39916,"Terrestrial",1,1,"GenFit",-9.19746376871459,-9.35973332154865
"233",39916,"Terrestrial",1,1,"CubFit",-9.19746394234087,-9.35973349517493
"234",39918,"Terrestrial",1,1,"HolFit",-83.9744060452292,-83.1855077358843
"235",39918,"Terrestrial",1,1,"QuaFit",-82.0777663267102,-81.0916434400291
"236",39918,"Terrestrial",1,1,"GenFit",-63.0468490111955,-62.4551752791868
"237",39918,"Terrestrial",1,1,"CubFit",-80.3790912388547,-79.787417506846
"238",39924,"Terrestrial",1,1,"HolFit",-141.963220231393,-142.796182354481
"239",39924,"Terrestrial",1,1,"QuaFit",-155.678863132124,-156.720065785983
"240",39924,"Terrestrial",1,1,"GenFit",-145.412262859214,-146.03698445153
"241",39924,"Terrestrial",1,1,"CubFit",-117.043987122539,-117.668708714855
"242",39925,"Terrestrial",3,1,"HolFit",-57.8528305514809,-51.5187547976565
"243",39925,"Terrestrial",3,1,"QuaFit",-58.6265495607623,-50.7089548684818
"244",39925,"Terrestrial",3,1,"GenFit",2.17366471931313,6.92422153468146
"245",39925,"Terrestrial",3,1,"CubFit",-1.43778083832072,3.31277597704761
"246",39931,"Terrestrial",3,1,"HolFit",-114.491938852951,-115.324900976039
"247",39931,"Terrestrial",3,1,"QuaFit",-117.30468333508,-118.34588598894
"248",39931,"Terrestrial",3,1,"GenFit",-116.943435073428,-117.568156665744
"249",39931,"Terrestrial",3,1,"CubFit",-113.576540376278,-114.201261968593
"250",39932,"Terrestrial",3,1,"HolFit",-67.1771038520867,-61.1910736062208
"251",39932,"Terrestrial",3,1,"QuaFit",-68.9603455037634,-61.477807696431
"252",39932,"Terrestrial",3,1,"GenFit",-64.4368518560887,-59.9473291716892
"253",39932,"Terrestrial",3,1,"CubFit",-69.3341345367762,-64.8446118523768
"254",39933,"Terrestrial",3,1,"HolFit",-246.816514496867,-243.483661120643
"255",39933,"Terrestrial",3,1,"QuaFit",-251.073186900368,-246.907120180087
"256",39933,"Terrestrial",3,1,"GenFit",-252.638838858487,-250.139198826318
"257",39933,"Terrestrial",3,1,"CubFit",-232.962742449499,-230.46310241733
"258",39934,"Marine",2,1,"HolFit",241.627313155216,245.188800186801
"259",39934,"Marine",2,1,"QuaFit",228.2174460709,232.669304860381
"260",39934,"Marine",2,1,"GenFit",270.995600807759,273.666716081447
"261",39934,"Marine",2,1,"CubFit",231.928838006262,234.599953279951
"262",39935,"Terrestrial",1,1,"HolFit",-137.832954065369,-138.049313469148
"263",39935,"Terrestrial",1,1,"QuaFit",-142.41301639092,-142.683465645643
"264",39935,"Terrestrial",1,1,"GenFit",-141.135874400734,-141.298143953568
"265",39935,"Terrestrial",1,1,"CubFit",-145.236994312837,-145.399263865671
"266",39936,"Terrestrial",1,1,"HolFit",-92.6025591500313,-93.4355212731191
"267",39936,"Terrestrial",1,1,"QuaFit",-96.2159544564801,-97.2571571103398
"268",39936,"Terrestrial",1,1,"GenFit",-94.6518427108063,-95.2765643031221
"269",39936,"Terrestrial",1,1,"CubFit",-93.1750261174167,-93.7997477097326
"270",39939,"Terrestrial",3,1,"HolFit",-340.542466747142,-334.679523135943
"271",39939,"Terrestrial",3,1,"QuaFit",-338.630530197125,-331.301850683127
"272",39939,"Terrestrial",3,1,"GenFit",-340.493378260377,-336.096170551978
"273",39939,"Terrestrial",3,1,"CubFit",-269.704670251759,-265.30746254336
"274",39940,"Marine",3,1,"HolFit",-1389.25226689803,-1379.72416035934
"275",39940,"Marine",3,1,"QuaFit",-1402.64595411506,-1390.73582094169
"276",39940,"Marine",3,1,"GenFit",-1418.8713791577,-1411.72529925368
"277",39940,"Marine",3,1,"CubFit",-302.623819569859,-295.477739665837
"278",39941,"Marine",2,2,"HolFit",-80.8131748873377,-80.0242765779928
"279",39941,"Marine",2,2,"QuaFit",-80.6907922579046,-79.7046693712235
"280",39941,"Marine",2,2,"GenFit",-76.1298571574618,-75.5381834254532
"281",39941,"Marine",2,2,"CubFit",-80.6829249810207,-80.0912512490121
"282",39942,"Marine",2,2,"HolFit",-122.206455256898,-117.842285443465
"283",39942,"Marine",2,2,"QuaFit",-120.613006879856,-115.157794613064
"284",39942,"Marine",2,2,"GenFit",-122.295635899594,-119.022508539519
"285",39942,"Marine",2,2,"CubFit",-121.585098352541,-118.311970992466
"286",39943,"Marine",2,2,"HolFit",-56.9387090133689,-54.9990824142169
"287",39943,"Marine",2,2,"QuaFit",-55.2101302482822,-52.7855969993422
"288",39943,"Marine",2,2,"GenFit",-53.0757205076461,-51.6210005582821
"289",39943,"Marine",2,2,"CubFit",-52.7681513806488,-51.3134314312848
"290",39944,"Marine",2,2,"HolFit",-48.7770276543349,-44.0648123329431
"291",39944,"Marine",2,2,"QuaFit",-73.807955177698,-67.9176860259583
"292",39944,"Marine",2,2,"GenFit",-8.03510291923783,-4.500941428194
"293",39944,"Marine",2,2,"CubFit",-8.03510268593506,-4.50094119489122
"294",39947,"Terrestrial",1,2,"HolFit",-226.408670606632,-224.817089515438
"295",39947,"Terrestrial",1,2,"QuaFit",-224.472927371813,-222.483451007821
"296",39947,"Terrestrial",1,2,"GenFit",-227.881993365996,-226.688307547601
"297",39947,"Terrestrial",1,2,"CubFit",-226.321084042413,-225.127398224018
"298",39951,"Freshwater",1,1,"HolFit",-114.97275360376,-115.805715726848
"299",39951,"Freshwater",1,1,"QuaFit",-133.853590657217,-134.894793311077
"300",39951,"Freshwater",1,1,"GenFit",-106.11340419229,-106.738125784605
"301",39951,"Freshwater",1,1,"CubFit",-110.660385065321,-111.285106657637
"302",39952,"Freshwater",1,1,"HolFit",-115.995696778105,-116.828658901192
"303",39952,"Freshwater",1,1,"QuaFit",-138.433090764529,-139.474293418389
"304",39952,"Freshwater",1,1,"GenFit",-113.550423228628,-114.175144820944
"305",39952,"Freshwater",1,1,"CubFit",-111.947337167366,-112.572058759682
"306",39954,"Freshwater",1,1,"HolFit",-116.750231683936,-117.583193807024
"307",39954,"Freshwater",1,1,"QuaFit",-116.249940150669,-117.291142804529
"308",39954,"Freshwater",1,1,"GenFit",-117.45233092732,-118.077052519636
"309",39954,"Freshwater",1,1,"CubFit",-101.357440160777,-101.982161753093
"310",39955,"Terrestrial",1,1,"HolFit",-122.217330586663,-122.433689990441
"311",39955,"Terrestrial",1,1,"QuaFit",-121.900869104072,-122.171318358796
"312",39955,"Terrestrial",1,1,"GenFit",-123.09003880631,-123.252308359144
"313",39955,"Terrestrial",1,1,"CubFit",-119.828733167045,-119.991002719879
"314",39956,"Terrestrial",1,1,"HolFit",-117.506833596299,-117.723193000078
"315",39956,"Terrestrial",1,1,"QuaFit",-121.531618386359,-121.802067641083
"316",39956,"Terrestrial",1,1,"GenFit",-116.321985334465,-116.484254887299
"317",39956,"Terrestrial",1,1,"CubFit",-116.900338328028,-117.062607880862
"318",39957,"Terrestrial",1,1,"HolFit",-116.463293062436,-116.679652466215
"319",39957,"Terrestrial",1,1,"QuaFit",-114.818786790821,-115.089236045545
"320",39957,"Terrestrial",1,1,"GenFit",-117.511748741359,-117.674018294194
"321",39957,"Terrestrial",1,1,"CubFit",-115.846891464761,-116.009161017595
"322",39958,"Terrestrial",1,1,"HolFit",-122.702153607127,-122.918513010906
"323",39958,"Terrestrial",1,1,"QuaFit",-129.66784266559,-129.938291920313
"324",39958,"Terrestrial",1,1,"GenFit",-120.572338474136,-120.73460802697
"325",39958,"Terrestrial",1,1,"CubFit",-122.45028355372,-122.612553106554
"326",39959,"Terrestrial",1,1,"HolFit",-116.693083825081,-116.90944322886
"327",39959,"Terrestrial",1,1,"QuaFit",-114.942234019793,-115.212683274517
"328",39959,"Terrestrial",1,1,"GenFit",-99.8786694821738,-100.040939035008
"329",39959,"Terrestrial",1,1,"CubFit",-99.8786694823424,-100.040939035176
"330",39960,"Marine",1,1,"HolFit",-124.671651600144,-125.504613723231
"331",39960,"Marine",1,1,"QuaFit",-134.6386700019,-135.67987265576
"332",39960,"Marine",1,1,"GenFit",-118.748859929621,-119.373581521937
"333",39960,"Marine",1,1,"CubFit",-121.946860976852,-122.571582569168
"334",39961,"Marine",1,1,"HolFit",-134.83534982346,-135.668311946548
"335",39961,"Marine",1,1,"QuaFit",-134.722868591868,-135.764071245728
"336",39961,"Marine",1,1,"GenFit",-132.75937867901,-133.384100271326
"337",39961,"Marine",1,1,"CubFit",-133.787053083675,-134.411774675991
"338",39962,"Freshwater",2,2,"HolFit",-67.525916848983,-68.3588789720708
"339",39962,"Freshwater",2,2,"QuaFit",-69.9287046525614,-70.9699073064211
"340",39962,"Freshwater",2,2,"GenFit",-67.5291467549074,-68.1538683472232
"341",39962,"Freshwater",2,2,"CubFit",-47.563288869087,-48.1880104614029
"342",39963,"Freshwater",2,2,"HolFit",-96.1643463937446,-94.9540060217684
"343",39963,"Freshwater",2,2,"QuaFit",-96.6945271122176,-95.1816016472474
"344",39963,"Freshwater",2,2,"GenFit",-103.919430566167,-103.011675287185
"345",39963,"Freshwater",2,2,"CubFit",-89.3227639687414,-88.4150086897592
"346",39965,"Freshwater",2,2,"HolFit",-18.6452494648282,-17.8563511554834
"347",39965,"Freshwater",2,2,"QuaFit",-17.1822102299345,-16.1960873432534
"348",39965,"Freshwater",2,2,"GenFit",-19.2682201368535,-18.6765464048448
"349",39965,"Freshwater",2,2,"CubFit",-16.823109066397,-16.2314353343884
"350",39966,"Freshwater",2,2,"HolFit",-21.9633925034135,-20.7530521314373
"351",39966,"Freshwater",2,2,"QuaFit",-20.6053629642578,-19.0924374992875
"352",39966,"Freshwater",2,2,"GenFit",-27.8909486325048,-26.9831933535226
"353",39966,"Freshwater",2,2,"CubFit",-25.7688952587242,-24.8611399797421
"354",39972,"Freshwater",2,2,"HolFit",11.7431672125533,14.2993965310143
"355",39972,"Freshwater",2,2,"QuaFit",13.1387460103289,16.3340326584052
"356",39972,"Freshwater",2,2,"GenFit",7.78667556579271,9.70384755463848
"357",39972,"Freshwater",2,2,"CubFit",13.6663704144387,15.5835424032845
"358",39973,"Freshwater",2,2,"HolFit",49.9891841089249,49.1562219858371
"359",39973,"Freshwater",2,2,"QuaFit",42.3172773980734,41.2760747442137
"360",39973,"Freshwater",2,2,"GenFit",45.9589544938569,45.334232901541
"361",39973,"Freshwater",2,2,"CubFit",47.4541850693146,46.8294634769987
"362",39974,"Freshwater",2,2,"HolFit",82.9919272955401,82.1589651724523
"363",39974,"Freshwater",2,2,"QuaFit",84.8562712143605,83.8150685605008
"364",39974,"Freshwater",2,2,"GenFit",96.4119850427842,95.7872634504684
"365",39974,"Freshwater",2,2,"CubFit",96.4119850136363,95.7872634213205
"366",39975,"Freshwater",2,2,"HolFit",78.1690160604508,77.3360539373631
"367",39975,"Freshwater",2,2,"QuaFit",68.3901874319701,67.3489847781103
"368",39975,"Freshwater",2,2,"GenFit",91.8875771699586,91.2628555776428
"369",39975,"Freshwater",2,2,"CubFit",91.8875771699204,91.2628555776046
"370",39976,"Freshwater",2,2,"HolFit",117.876834760148,117.660475356369
"371",39976,"Freshwater",2,2,"QuaFit",108.717684719001,108.447235464277
"372",39976,"Freshwater",2,2,"GenFit",122.890511666028,122.728242113194
"373",39976,"Freshwater",2,2,"CubFit",122.890511385008,122.728241832174
"374",39977,"Freshwater",2,2,"HolFit",-37.1351358880693,-37.3514952918481
"375",39977,"Freshwater",2,2,"QuaFit",-37.8816141811905,-38.152063435914
"376",39977,"Freshwater",2,2,"GenFit",-4.6513116583629,-4.81358121119696
"377",39977,"Freshwater",2,2,"CubFit",-28.6237538610422,-28.7860234138763
"378",39978,"Freshwater",2,2,"HolFit",-14.5963362464169,-14.8126956501956
"379",39978,"Freshwater",2,2,"QuaFit",-12.6088413791945,-12.879290633918
"380",39978,"Freshwater",2,2,"GenFit",-12.5841262687124,-12.7463958215464
"381",39978,"Freshwater",2,2,"CubFit",-14.9796629633816,-15.1419325162156
"382",39979,"Freshwater",2,2,"HolFit",-30.6909620707938,-31.5239241938816
"383",39979,"Freshwater",2,2,"QuaFit",-30.0857168305244,-31.1269194843841
"384",39979,"Freshwater",2,2,"GenFit",-28.3889985767077,-29.0137201690235
"385",39979,"Freshwater",2,2,"CubFit",-28.720700559083,-29.3454221513988
"386",39980,"Freshwater",2,2,"HolFit",-12.0392212923151,-12.8721834154029
"387",39980,"Freshwater",2,2,"QuaFit",-10.5746089515532,-11.6158116054129
"388",39980,"Freshwater",2,2,"GenFit",-10.1691958582611,-10.793917450577
"389",39980,"Freshwater",2,2,"CubFit",3.31612509501509,2.69140350269926
"390",39981,"Terrestrial",3,1,"HolFit",-127.031773483418,-127.864735606506
"391",39981,"Terrestrial",3,1,"QuaFit",-125.756635907725,-126.797838561585
"392",39981,"Terrestrial",3,1,"GenFit",-127.445457776836,-128.070179369152
"393",39981,"Terrestrial",3,1,"CubFit",-127.824726258426,-128.449447850742
"394",39982,"Marine",2,2,"HolFit",-69.9424705281475,-69.1535722188026
"395",39982,"Marine",2,2,"QuaFit",-68.2712606191641,-67.285137732483
"396",39982,"Marine",2,2,"GenFit",-72.7674478016198,-72.1757740696111
"397",39982,"Marine",2,2,"CubFit",-55.1439625518438,-54.5522888198352
"398",39983,"Terrestrial",1,1,"HolFit",-294.067238862082,-292.475657770889
"399",39983,"Terrestrial",1,1,"QuaFit",-292.283079219852,-290.29360285586
"400",39983,"Terrestrial",1,1,"GenFit",-295.983782765379,-294.790096946984
"401",39983,"Terrestrial",1,1,"CubFit",-295.680690834336,-294.48700501594
"402",39984,"Terrestrial",1,1,"HolFit",-104.612315947564,-105.445278070652
"403",39984,"Terrestrial",1,1,"QuaFit",-111.969597709987,-113.010800363847
"404",39984,"Terrestrial",1,1,"GenFit",-104.259758807286,-104.884480399602
"405",39984,"Terrestrial",1,1,"CubFit",-102.433107139986,-103.057828732301
"406",39987,"Marine",2,2,"HolFit",-143.770666699011,-140.209179667427
"407",39987,"Marine",2,2,"QuaFit",-147.355564548511,-142.90370575903
"408",39987,"Marine",2,2,"GenFit",-141.946913884216,-139.275798610527
"409",39987,"Marine",2,2,"CubFit",-112.403999850885,-109.732884577196
"410",39988,"Marine",2,2,"HolFit",-92.2907671887413,-88.1126774378476
"411",39988,"Marine",2,2,"QuaFit",-91.2349995130827,-86.0123873244656
"412",39988,"Marine",2,2,"GenFit",-54.2853275824166,-51.1517602692464
"413",39988,"Marine",2,2,"CubFit",-75.7132184141371,-72.5796511009668
"414",39989,"Terrestrial",1,1,"HolFit",-163.065504495885,-162.747738329166
"415",39989,"Terrestrial",1,1,"QuaFit",-161.730370218389,-161.33316250999
"416",39989,"Terrestrial",1,1,"GenFit",-161.085890217791,-160.847565592751
"417",39989,"Terrestrial",1,1,"CubFit",-164.312087367687,-164.073762742648
"418",39990,"Terrestrial",1,1,"HolFit",-158.910572953419,-158.5928067867
"419",39990,"Terrestrial",1,1,"QuaFit",-163.381233720944,-162.984026012545
"420",39990,"Terrestrial",1,1,"GenFit",-158.013380605926,-157.775055980886
"421",39990,"Terrestrial",1,1,"CubFit",-155.484801325815,-155.246476700776
"422",39991,"Terrestrial",1,1,"HolFit",-173.862985265714,-173.545219098995
"423",39991,"Terrestrial",1,1,"QuaFit",-174.677735178432,-174.280527470032
"424",39991,"Terrestrial",1,1,"GenFit",-179.57438282653,-179.336058201491
"425",39991,"Terrestrial",1,1,"CubFit",-178.507322631961,-178.268998006921
"426",39992,"Marine",2,2,"HolFit",15.4068680641827,16.1957663735276
"427",39992,"Marine",2,2,"QuaFit",15.2840076080811,16.2701304947622
"428",39992,"Marine",2,2,"GenFit",13.1634897363314,13.7551634683401
"429",39992,"Marine",2,2,"CubFit",17.4518100998529,18.0434838318616
"430",39993,"Marine",2,2,"HolFit",-118.688171913663,-119.521134036751
"431",39993,"Marine",2,2,"QuaFit",-127.266319452415,-128.307522106275
"432",39993,"Marine",2,2,"GenFit",-112.390665428644,-113.01538702096
"433",39993,"Marine",2,2,"CubFit",-123.788212308169,-124.412933900485
"434",39994,"Marine",2,2,"HolFit",-156.742243244224,-156.424477077505
"435",39994,"Marine",2,2,"QuaFit",-154.936217976957,-154.539010268558
"436",39994,"Marine",2,2,"GenFit",-157.009003958285,-156.770679333246
"437",39994,"Marine",2,2,"CubFit",-147.646638801559,-147.40831417652
"438",39995,"Marine",2,2,"HolFit",-146.783356241077,-146.465590074357
"439",39995,"Marine",2,2,"QuaFit",-144.816455249721,-144.419247541322
"440",39995,"Marine",2,2,"GenFit",-148.428191001152,-148.189866376113
"441",39995,"Marine",2,2,"CubFit",-148.736775284278,-148.498450659239
"442",39996,"Marine",2,2,"HolFit",-147.476750990401,-147.158984823682
"443",39996,"Marine",2,2,"QuaFit",-146.164138637041,-145.766930928642
"444",39996,"Marine",2,2,"GenFit",-148.057295514192,-147.818970889152
"445",39996,"Marine",2,2,"CubFit",-145.880852176801,-145.642527551761
"446",39997,"Marine",2,2,"HolFit",-138.847791202879,-138.53002503616
"447",39997,"Marine",2,2,"QuaFit",-137.496777927978,-137.099570219579
"448",39997,"Marine",2,2,"GenFit",-133.419279494108,-133.180954869069
"449",39997,"Marine",2,2,"CubFit",-133.210353151282,-132.972028526243
"450",39998,"Freshwater",2,2,"HolFit",-16.2751260252599,-15.9573598585406
"451",39998,"Freshwater",2,2,"QuaFit",-35.5942920875453,-35.1970843791461
"452",39998,"Freshwater",2,2,"GenFit",7.9951240835494,8.23344870858891
"453",39998,"Freshwater",2,2,"CubFit",7.99512412978438,8.23344875482389
"454",39999,"Freshwater",2,2,"HolFit",-7.38618726034806,-7.06842109362872
"455",39999,"Freshwater",2,2,"QuaFit",-20.6432501724601,-20.2460424640609
"456",39999,"Freshwater",2,2,"GenFit",3.74890475903359,3.98722938407309
"457",39999,"Freshwater",2,2,"CubFit",-6.94828492965284,-6.70996030461333
"458",40000,"Freshwater",2,2,"HolFit",-7.89371993267067,-7.57595376595133
"459",40000,"Freshwater",2,2,"QuaFit",-7.59363423154679,-7.19642652314761
"460",40000,"Freshwater",2,2,"GenFit",-2.76932902583572,-2.53100440079621
"461",40000,"Freshwater",2,2,"CubFit",16.3819994461502,16.6203240711897
"462",40001,"Freshwater",2,2,"HolFit",-24.922790101655,-24.6050239349357
"463",40001,"Freshwater",2,2,"QuaFit",-58.9779068359292,-58.58069912753
"464",40001,"Freshwater",2,2,"GenFit",14.448765595664,14.6870902207035
"465",40001,"Freshwater",2,2,"CubFit",14.4487662281402,14.6870908531797
"466",40002,"Marine",1,1,"HolFit",-128.044160169367,-128.260519573146
"467",40002,"Marine",1,1,"QuaFit",-131.17719801822,-131.447647272944
"468",40002,"Marine",1,1,"GenFit",-123.983810964325,-124.146080517159
"469",40002,"Marine",1,1,"CubFit",-124.231600109013,-124.393869661847
"470",40003,"Marine",1,1,"HolFit",-120.938725052374,-121.155084456153
"471",40003,"Marine",1,1,"QuaFit",-120.759548144094,-121.029997398817
"472",40003,"Marine",1,1,"GenFit",-119.729659933488,-119.891929486322
"473",40003,"Marine",1,1,"CubFit",-116.693438045336,-116.85570759817
"474",40004,"Freshwater",2,2,"HolFit",-141.622595757394,-139.682969158242
"475",40004,"Freshwater",2,2,"QuaFit",-141.723342451286,-139.298809202346
"476",40004,"Freshwater",2,2,"GenFit",-140.653777110551,-139.199057161187
"477",40004,"Freshwater",2,2,"CubFit",-124.964862501392,-123.510142552028
"478",40005,"Freshwater",2,2,"HolFit",-127.257714046295,-125.318087447143
"479",40005,"Freshwater",2,2,"QuaFit",-134.900240939111,-132.475707690171
"480",40005,"Freshwater",2,2,"GenFit",-128.336452390245,-126.881732440881
"481",40005,"Freshwater",2,2,"CubFit",-129.586081238261,-128.131361288897
"482",40006,"Freshwater",2,2,"HolFit",-142.3977487669,-140.458122167748
"483",40006,"Freshwater",2,2,"QuaFit",-144.21797777706,-141.79344452812
"484",40006,"Freshwater",2,2,"GenFit",-148.955219182575,-147.500499233211
"485",40006,"Freshwater",2,2,"CubFit",-152.86479945755,-151.410079508186
"486",40007,"Freshwater",2,2,"HolFit",-138.88084530144,-136.941218702288
"487",40007,"Freshwater",2,2,"QuaFit",-138.281868276918,-135.857335027978
"488",40007,"Freshwater",2,2,"GenFit",-134.059634853016,-132.604914903652
"489",40007,"Freshwater",2,2,"CubFit",-135.33322103969,-133.878501090326
"490",40008,"Freshwater",2,2,"HolFit",-90.7230976835744,-90.405331516855
"491",40008,"Freshwater",2,2,"QuaFit",-88.7504139552137,-88.3532062468146
"492",40008,"Freshwater",2,2,"GenFit",-89.5360256323775,-89.2977010073379
"493",40008,"Freshwater",2,2,"CubFit",-75.0016301663987,-74.7633055413592
"494",40009,"Freshwater",2,2,"HolFit",-126.324846641415,-124.385220042263
"495",40009,"Freshwater",2,2,"QuaFit",-130.633005617066,-128.208472368126
"496",40009,"Freshwater",2,2,"GenFit",-128.72719549516,-127.272475545796
"497",40009,"Freshwater",2,2,"CubFit",-127.941832792378,-126.487112843014
"498",40010,"Marine",2,2,"HolFit",63.8702686858178,63.03730656273
"499",40010,"Marine",2,2,"QuaFit",55.6582700235141,54.6170673696544
"500",40010,"Marine",2,2,"GenFit",95.8313833779179,95.206661785602
"501",40010,"Marine",2,2,"CubFit",95.8313831540512,95.2066615617353
"502",40013,"Terrestrial",3,1,"HolFit",-19.8998448697295,-19.5820787030102
"503",40013,"Terrestrial",3,1,"QuaFit",-21.3020078652267,-20.9048001568275
"504",40013,"Terrestrial",3,1,"GenFit",-30.8213928334221,-30.5830682083826
"505",40013,"Terrestrial",3,1,"CubFit",-15.8783914618208,-15.6400668367813
"506",40014,"Terrestrial",3,1,"HolFit",-17.5669178192433,-17.783277223022
"507",40014,"Terrestrial",3,1,"QuaFit",-19.539910381589,-19.8103596363125
"508",40014,"Terrestrial",3,1,"GenFit",-18.2441596355224,-18.4064291883565
"509",40014,"Terrestrial",3,1,"CubFit",-23.9316425174554,-24.0939120702895
"510",40017,"Freshwater",2,2,"HolFit",-401.403322665404,-396.074504624703
"511",40017,"Freshwater",2,2,"QuaFit",-399.793597955185,-393.132575404309
"512",40017,"Freshwater",2,2,"GenFit",-395.506892509767,-391.510278979241
"513",40017,"Freshwater",2,2,"CubFit",-396.232139702113,-392.235526171588
"514",40018,"Freshwater",2,2,"HolFit",-432.089128134323,-426.353179316383
"515",40018,"Freshwater",2,2,"QuaFit",-432.023762590465,-424.853826568039
"516",40018,"Freshwater",2,2,"GenFit",-433.451493436146,-429.149531822691
"517",40018,"Freshwater",2,2,"CubFit",-431.629346544447,-427.327384930992
"518",40019,"Freshwater",2,2,"HolFit",-389.265869051288,-384.233482899202
"519",40019,"Freshwater",2,2,"QuaFit",-389.93806765611,-383.647584966003
"520",40019,"Freshwater",2,2,"GenFit",-386.298901581814,-382.52461196775
"521",40019,"Freshwater",2,2,"CubFit",-384.603935116395,-380.82964550233
"522",40020,"Freshwater",2,2,"HolFit",-386.485121542519,-381.301774078502
"523",40020,"Freshwater",2,2,"QuaFit",-386.487504039507,-380.008319709485
"524",40020,"Freshwater",2,2,"GenFit",-388.636856740435,-384.749346142422
"525",40020,"Freshwater",2,2,"CubFit",-386.746620264003,-382.85910966599
"526",40021,"Freshwater",2,2,"HolFit",-288.63734537429,-284.859589457625
"527",40021,"Freshwater",2,2,"QuaFit",-286.637628629323,-281.915433733491
"528",40021,"Freshwater",2,2,"GenFit",-290.339326535791,-287.506009598292
"529",40021,"Freshwater",2,2,"CubFit",-290.576418797403,-287.743101859904
"530",40022,"Freshwater",2,2,"HolFit",-323.497103198539,-319.719347281874
"531",40022,"Freshwater",2,2,"QuaFit",-325.809982935344,-321.087788039512
"532",40022,"Freshwater",2,2,"GenFit",-324.888757354345,-322.055440416845
"533",40022,"Freshwater",2,2,"CubFit",-324.922796126919,-322.08947918942
"534",40023,"Freshwater",2,2,"HolFit",-94.8881454479447,-95.1045048517235
"535",40023,"Freshwater",2,2,"QuaFit",-102.470526930668,-102.740976185392
"536",40023,"Freshwater",2,2,"GenFit",-89.3193960173673,-89.4816655702013
"537",40023,"Freshwater",2,2,"CubFit",-85.8708221291247,-86.0330916819588
"538",40024,"Freshwater",2,2,"HolFit",-84.4758943921463,-84.6922537959251
"539",40024,"Freshwater",2,2,"QuaFit",-102.649592911085,-102.920042165809
"540",40024,"Freshwater",2,2,"GenFit",-84.0186640820605,-84.1809336348946
"541",40024,"Freshwater",2,2,"CubFit",-79.1200144234807,-79.2822839763148
"542",40025,"Freshwater",2,2,"HolFit",-130.433180732089,-128.841599640896
"543",40025,"Freshwater",2,2,"QuaFit",-133.918943853722,-131.92946748973
"544",40025,"Freshwater",2,2,"GenFit",-131.797612578232,-130.603926759837
"545",40025,"Freshwater",2,2,"CubFit",-133.550375496174,-132.356689677779
"546",40026,"Freshwater",2,2,"HolFit",-72.4573547506707,-72.6737141544495
"547",40026,"Freshwater",2,2,"QuaFit",-71.4791192598568,-71.7495685145802
"548",40026,"Freshwater",2,2,"GenFit",-73.5794482311499,-73.741717783984
"549",40026,"Freshwater",2,2,"CubFit",-73.7624618055019,-73.924731358336
"550",40027,"Freshwater",2,2,"HolFit",-88.2352306878815,-87.4463323785366
"551",40027,"Freshwater",2,2,"QuaFit",-87.4771008033522,-86.4909779166711
"552",40027,"Freshwater",2,2,"GenFit",-84.5178699969209,-83.9261962649122
"553",40027,"Freshwater",2,2,"CubFit",-38.9268081789206,-38.3351344469119
"554",40028,"Freshwater",2,2,"HolFit",-63.1486982786869,-63.3650576824656
"555",40028,"Freshwater",2,2,"QuaFit",-67.4089347756281,-67.6793840303515
"556",40028,"Freshwater",2,2,"GenFit",-54.5911105351677,-54.7533800880017
"557",40028,"Freshwater",2,2,"CubFit",-59.2045835778431,-59.3668531306772
"558",40029,"Freshwater",2,2,"HolFit",-105.874603296023,-104.664262924047
"559",40029,"Freshwater",2,2,"QuaFit",-104.322911170595,-102.809985705625
"560",40029,"Freshwater",2,2,"GenFit",-107.607098524427,-106.699343245445
"561",40029,"Freshwater",2,2,"CubFit",-106.567824301149,-105.660069022167
"562",40030,"Freshwater",2,2,"HolFit",-60.3291530883208,-61.1621152114086
"563",40030,"Freshwater",2,2,"QuaFit",-63.957419703545,-64.9986223574048
"564",40030,"Freshwater",2,2,"GenFit",-59.9847190057119,-60.6094405980278
"565",40030,"Freshwater",2,2,"CubFit",-47.3261401407977,-47.9508617331135
"566",40031,"Freshwater",2,2,"HolFit",-155.170049016813,-153.959708644837
"567",40031,"Freshwater",2,2,"QuaFit",-154.94462683338,-153.43170136841
"568",40031,"Freshwater",2,2,"GenFit",-151.663982550827,-150.756227271845
"569",40031,"Freshwater",2,2,"CubFit",-155.714837936322,-154.80708265734
"570",40032,"Freshwater",2,2,"HolFit",-130.695892945455,-130.912252349233
"571",40032,"Freshwater",2,2,"QuaFit",-128.732473151557,-129.00292240628
"572",40032,"Freshwater",2,2,"GenFit",-126.65470092937,-126.816970482204
"573",40032,"Freshwater",2,2,"CubFit",-127.315512240217,-127.477781793051
"574",40033,"Terrestrial",3,1,"HolFit",-116.462682610153,-109.51200413702
"575",40033,"Terrestrial",3,1,"QuaFit",-115.394989298057,-106.70664120664
"576",40033,"Terrestrial",3,1,"GenFit",-110.599516024185,-105.386507169335
"577",40033,"Terrestrial",3,1,"CubFit",-107.229676746903,-102.016667892053
"578",40034,"Terrestrial",1,1,"HolFit",-339.814616442429,-338.223035351236
"579",40034,"Terrestrial",1,1,"QuaFit",-338.510366269589,-336.520889905597
"580",40034,"Terrestrial",1,1,"GenFit",-341.897320760191,-340.703634941796
"581",40034,"Terrestrial",1,1,"CubFit",-341.781035310204,-340.587349491809
"582",40035,"Marine",2,2,"HolFit",244.36879549518,249.244298794653
"583",40035,"Marine",2,2,"QuaFit",242.763485484094,248.857864608435
"584",40035,"Marine",2,2,"GenFit",257.499281923943,261.155909398548
"585",40035,"Marine",2,2,"CubFit",257.49928359501,261.155911069615
"586",40036,"Marine",2,2,"HolFit",337.09194956365,341.804164885042
"587",40036,"Marine",2,2,"QuaFit",338.962732344215,344.853001495955
"588",40036,"Marine",2,2,"GenFit",335.041271484129,338.575432975172
"589",40036,"Marine",2,2,"CubFit",351.777805666004,355.311967157048
"590",40037,"Marine",2,2,"HolFit",172.877713382797,177.055803133691
"591",40037,"Marine",2,2,"QuaFit",173.763878336296,178.986490524913
"592",40037,"Marine",2,2,"GenFit",172.715053209903,175.848620523074
"593",40037,"Marine",2,2,"CubFit",171.426754432532,174.560321745702
"594",40038,"Freshwater",2,2,"HolFit",-59.7613612067492,-53.7753309608833
"595",40038,"Freshwater",2,2,"QuaFit",-68.3619493476957,-60.8794115403633
"596",40038,"Freshwater",2,2,"GenFit",-70.0884062872915,-65.5988836028921
"597",40038,"Freshwater",2,2,"CubFit",-61.9639641545345,-57.474441470135
"598",40039,"Freshwater",2,2,"HolFit",-70.1460978251498,-64.0406557266851
"599",40039,"Freshwater",2,2,"QuaFit",-81.1921374344283,-73.5603348113475
"600",40039,"Freshwater",2,2,"GenFit",-81.7044849471328,-77.1254033732843
"601",40039,"Freshwater",2,2,"CubFit",-74.7594529325319,-70.1803713586834
"602",40042,"Freshwater",1,1,"HolFit",-911.125400593821,-901.216053335908
"603",40042,"Freshwater",1,1,"QuaFit",-916.1800077484,-903.793323676009
"604",40042,"Freshwater",1,1,"GenFit",-915.540920392205,-908.108909948771
"605",40042,"Freshwater",1,1,"CubFit",-920.715460012099,-913.283449568665
"606",40043,"Freshwater",1,1,"HolFit",-997.182554734357,-987.273207476444
"607",40043,"Freshwater",1,1,"QuaFit",-995.336430717547,-982.949746645156
"608",40043,"Freshwater",1,1,"GenFit",-998.839996066047,-991.407985622612
"609",40043,"Freshwater",1,1,"CubFit",-945.163868456778,-937.731858013344
"610",40045,"Freshwater",2,2,"HolFit",-217.418752746131,-212.235405282114
"611",40045,"Freshwater",2,2,"QuaFit",-215.451435762811,-208.972251432789
"612",40045,"Freshwater",2,2,"GenFit",-218.171315688523,-214.28380509051
"613",40045,"Freshwater",2,2,"CubFit",-186.094991074016,-182.207480476003
"614",40046,"Freshwater",2,2,"HolFit",-174.866018558257,-170.324041694541
"615",40046,"Freshwater",2,2,"QuaFit",-173.984689999962,-168.307218920317
"616",40046,"Freshwater",2,2,"GenFit",-173.203644817018,-169.797162169231
"617",40046,"Freshwater",2,2,"CubFit",-166.055499866763,-162.649017218975
"618",40047,"Freshwater",2,2,"HolFit",-1169.91516862283,-1160.75333085824
"619",40047,"Freshwater",2,2,"QuaFit",-1168.58470531537,-1157.13240810963
"620",40047,"Freshwater",2,2,"GenFit",-1169.4842292179,-1162.61285089446
"621",40047,"Freshwater",2,2,"CubFit",-1166.15222365422,-1159.28084533077
"622",40048,"Freshwater",2,2,"HolFit",-1009.65042715853,-1000.59970765037
"623",40048,"Freshwater",2,2,"QuaFit",-1008.01888403652,-996.705484651315
"624",40048,"Freshwater",2,2,"GenFit",-1009.71384354173,-1002.9258039106
"625",40048,"Freshwater",2,2,"CubFit",-959.051598366442,-952.263558735318
"626",40049,"Freshwater",2,2,"HolFit",-725.577004996349,-718.092200952718
"627",40049,"Freshwater",2,2,"QuaFit",-723.577042922675,-714.221037868135
"628",40049,"Freshwater",2,2,"GenFit",-727.023862747939,-721.410259715215
"629",40049,"Freshwater",2,2,"CubFit",-727.053404647009,-721.439801614285
"630",40050,"Terrestrial",3,2,"HolFit",110.442188830637,122.265497061042
"631",40050,"Terrestrial",3,2,"QuaFit",111.963563595572,126.742698883579
"632",40050,"Terrestrial",3,2,"GenFit",176.992807106653,185.860288279457
"633",40050,"Terrestrial",3,2,"CubFit",176.992796541208,185.860277714012
"634",40051,"Terrestrial",3,2,"HolFit",80.3013178210049,90.917159221635
"635",40051,"Terrestrial",3,2,"QuaFit",79.1104937579836,92.3802955087712
"636",40051,"Terrestrial",3,2,"GenFit",81.5653343446578,89.5272153951304
"637",40051,"Terrestrial",3,2,"CubFit",81.5653305970567,89.5272116475293
"638",40052,"Terrestrial",1,1,"HolFit",-1291.1931056465,-1282.19912467831
"639",40052,"Terrestrial",1,1,"QuaFit",-1291.30838900094,-1280.06591279069
"640",40052,"Terrestrial",1,1,"GenFit",-1272.32315205973,-1265.57766633358
"641",40052,"Terrestrial",1,1,"CubFit",-1252.42328714252,-1245.67780141637
"642",40053,"Terrestrial",1,1,"HolFit",-1306.99617478345,-1298.00219381525
"643",40053,"Terrestrial",1,1,"QuaFit",-1311.73381814288,-1300.49134193263
"644",40053,"Terrestrial",1,1,"GenFit",-1282.5391758353,-1275.79369010916
"645",40053,"Terrestrial",1,1,"CubFit",-1269.93555499959,-1263.19006927344
"646",40054,"Terrestrial",1,1,"HolFit",-1252.81114321223,-1243.81716224403
"647",40054,"Terrestrial",1,1,"QuaFit",-1250.82679017963,-1239.58431396938
"648",40054,"Terrestrial",1,1,"GenFit",-1250.92411599071,-1244.17863026456
"649",40054,"Terrestrial",1,1,"CubFit",-1249.45355283128,-1242.70806710514
"650",40055,"Terrestrial",1,1,"HolFit",-1316.0404607,-1307.0464797318
"651",40055,"Terrestrial",1,1,"QuaFit",-1317.53469355568,-1306.29221734544
"652",40055,"Terrestrial",1,1,"GenFit",-1318.04805144434,-1311.30256571819
"653",40055,"Terrestrial",1,1,"CubFit",-1317.82118551138,-1311.07569978524
"654",40057,"Marine",2,2,"HolFit",-98.7391479273216,-99.5721100504094
"655",40057,"Marine",2,2,"QuaFit",-96.9402185596489,-97.9814212135086
"656",40057,"Marine",2,2,"GenFit",-92.0300565857431,-92.6547781780589
"657",40057,"Marine",2,2,"CubFit",-87.7355065310683,-88.3602281233841
"658",40059,"Marine",2,2,"HolFit",-134.90309040764,-134.114192098296
"659",40059,"Marine",2,2,"QuaFit",-138.238047790715,-137.251924904034
"660",40059,"Marine",2,2,"GenFit",-137.131942183372,-136.540268451364
"661",40059,"Marine",2,2,"CubFit",-133.170468240523,-132.578794508514
"662",40061,"Freshwater",2,3,"HolFit",-125.283317927381,-124.965551760662
"663",40061,"Freshwater",2,3,"QuaFit",-124.736895559834,-124.339687851435
"664",40061,"Freshwater",2,3,"GenFit",-121.22679833883,-120.988473713791
"665",40061,"Freshwater",2,3,"CubFit",-137.29823104837,-137.05990642333
"666",40062,"Freshwater",2,3,"HolFit",-135.926207463216,-135.608441296497
"667",40062,"Freshwater",2,3,"QuaFit",-135.660969850539,-135.26376214214
"668",40062,"Freshwater",2,3,"GenFit",-136.284896009493,-136.046571384453
"669",40062,"Freshwater",2,3,"CubFit",-132.990578382774,-132.752253757735
"670",40063,"Terrestrial",2,2,"HolFit",-448.542672880261,-445.209819504036
"671",40063,"Terrestrial",2,2,"QuaFit",-446.981300960145,-442.815234239863
"672",40063,"Terrestrial",2,2,"GenFit",-447.350229780202,-444.850589748033
"673",40063,"Terrestrial",2,2,"CubFit",-447.768448719136,-445.268808686967
"674",40064,"Marine",2,2,"HolFit",-188.334491178367,-185.001637802142
"675",40064,"Marine",2,2,"QuaFit",-186.768528978815,-182.602462258534
"676",40064,"Marine",2,2,"GenFit",-185.508242853241,-183.008602821072
"677",40064,"Marine",2,2,"CubFit",-183.367223936992,-180.867583904823
"678",40065,"Marine",2,2,"HolFit",-247.790893644276,-243.612803893383
"679",40065,"Marine",2,2,"QuaFit",-245.844464918196,-240.621852729579
"680",40065,"Marine",2,2,"GenFit",-249.655768850276,-246.522201537106
"681",40065,"Marine",2,2,"CubFit",-237.419713857131,-234.286146543961
"682",40066,"Marine",2,2,"HolFit",-126.383415643419,-123.29306075446
"683",40066,"Marine",2,2,"QuaFit",-126.270089943678,-122.407146332479
"684",40066,"Marine",2,2,"GenFit",-128.55345514004,-126.23568897332
"685",40066,"Marine",2,2,"CubFit",-125.78573151099,-123.46796534427
"686",40067,"Marine",2,2,"HolFit",-195.609481430911,-190.733978131438
"687",40067,"Marine",2,2,"QuaFit",-193.94858294184,-187.854203817499
"688",40067,"Marine",2,2,"GenFit",-197.601967664758,-193.945340190153
"689",40067,"Marine",2,2,"CubFit",128.819519830212,132.476147304817
"690",40068,"Freshwater",2,2,"HolFit",-52.6699233560664,-53.5028854791542
"691",40068,"Freshwater",2,2,"QuaFit",-63.954499446323,-64.9957021001827
"692",40068,"Freshwater",2,2,"GenFit",-40.0868433197688,-40.7115649120846
"693",40068,"Freshwater",2,2,"CubFit",-39.12092523637,-39.7456468286859
"694",40069,"Freshwater",2,2,"HolFit",-47.6637137873918,-48.4966759104796
"695",40069,"Freshwater",2,2,"QuaFit",-46.8217465915189,-47.8629492453787
"696",40069,"Freshwater",2,2,"GenFit",-33.4256129274827,-34.0503345197985
"697",40069,"Freshwater",2,2,"CubFit",-33.3358976716989,-33.9606192640148
"698",40070,"Freshwater",2,2,"HolFit",-26.0163380487224,-26.8493001718102
"699",40070,"Freshwater",2,2,"QuaFit",-30.5744424588018,-31.6156451126615
"700",40070,"Freshwater",2,2,"GenFit",-28.3964265634665,-29.0211481557824
"701",40070,"Freshwater",2,2,"CubFit",-28.2262762124004,-28.8509978047162
"702",40071,"Freshwater",2,2,"HolFit",-22.3720116054793,-23.204973728567
"703",40071,"Freshwater",2,2,"QuaFit",-38.142742327741,-39.1839449816007
"704",40071,"Freshwater",2,2,"GenFit",-27.3149163411888,-27.9396379335046
"705",40071,"Freshwater",2,2,"CubFit",-24.3178574504839,-24.9425790427997
"706",40072,"Freshwater",2,2,"HolFit",-27.9050068390021,-28.7379689620899
"707",40072,"Freshwater",2,2,"QuaFit",-26.0118531330673,-27.0530557869271
"708",40072,"Freshwater",2,2,"GenFit",-26.7151169386773,-27.3398385309931
"709",40072,"Freshwater",2,2,"CubFit",-27.0603544296778,-27.6850760219936
"710",40073,"Freshwater",2,2,"HolFit",-19.3818481948806,-20.2148103179684
"711",40073,"Freshwater",2,2,"QuaFit",-26.5502240748172,-27.5914267286769
"712",40073,"Freshwater",2,2,"GenFit",-25.2250260893894,-25.8497476817053
"713",40073,"Freshwater",2,2,"CubFit",-27.7732590325064,-28.3979806248223
"714",40074,"Freshwater",2,2,"HolFit",-26.090371601463,-26.9233337245508
"715",40074,"Freshwater",2,2,"QuaFit",-30.3746562716978,-31.4158589255576
"716",40074,"Freshwater",2,2,"GenFit",-28.0752864974172,-28.7000080897331
"717",40074,"Freshwater",2,2,"CubFit",-27.4091181524743,-28.0338397447902
"718",40075,"Freshwater",2,2,"HolFit",-38.9773513014495,-39.8103134245373
"719",40075,"Freshwater",2,2,"QuaFit",-37.5705479301513,-38.611750584011
"720",40075,"Freshwater",2,2,"GenFit",-36.2300595063047,-36.8547810986205
"721",40075,"Freshwater",2,2,"CubFit",-33.6587410156982,-34.2834626080141
"722",40076,"Freshwater",2,2,"HolFit",-24.4375384252236,-25.2705005483113
"723",40076,"Freshwater",2,2,"QuaFit",-24.0893968244901,-25.1305994783498
"724",40076,"Freshwater",2,2,"GenFit",-28.0124282325195,-28.6371498248353
"725",40076,"Freshwater",2,2,"CubFit",-18.7517991478027,-19.3765207401186
"726",40077,"Freshwater",2,2,"HolFit",-69.2953785510643,-70.1283406741521
"727",40077,"Freshwater",2,2,"QuaFit",-81.2700841188634,-82.3112867727231
"728",40077,"Freshwater",2,2,"GenFit",-72.2431678581518,-72.8678894504676
"729",40077,"Freshwater",2,2,"CubFit",-71.3682275489284,-71.9929491412442
"730",40078,"Freshwater",1,2,"HolFit",-68.7259407739702,-69.5589028970579
"731",40078,"Freshwater",1,2,"QuaFit",-67.0940136685499,-68.1352163224096
"732",40078,"Freshwater",1,2,"GenFit",-60.7369180852277,-61.3616396775436
"733",40078,"Freshwater",1,2,"CubFit",NA,NA
"734",40079,"Freshwater",1,2,"HolFit",-56.5631379712637,-57.3961000943515
"735",40079,"Freshwater",1,2,"QuaFit",-57.4272423579938,-58.4684450118536
"736",40079,"Freshwater",1,2,"GenFit",-55.5564494314394,-56.1811710237552
"737",40079,"Freshwater",1,2,"CubFit",-55.6590955165492,-56.2838171088651
"738",40080,"Freshwater",1,2,"HolFit",-47.4714827580422,-48.30444488113
"739",40080,"Freshwater",1,2,"QuaFit",-49.3866123249353,-50.427814978795
"740",40080,"Freshwater",1,2,"GenFit",-51.7703682070805,-52.3950897993963
"741",40080,"Freshwater",1,2,"CubFit",-35.1306899871805,-35.7554115794964
"742",40081,"Freshwater",1,2,"HolFit",-51.5980655690814,-52.4310276921691
"743",40081,"Freshwater",1,2,"QuaFit",-57.8278156833987,-58.8690183372585
"744",40081,"Freshwater",1,2,"GenFit",-38.5059666736228,-39.1306882659386
"745",40081,"Freshwater",1,2,"CubFit",-53.2884193393086,-53.9131409316245
"746",40082,"Freshwater",1,2,"HolFit",-39.2264964441345,-40.0594585672222
"747",40082,"Freshwater",1,2,"QuaFit",-52.2454927689907,-53.2866954228504
"748",40082,"Freshwater",1,2,"GenFit",-46.3770471947538,-47.0017687870697
"749",40082,"Freshwater",1,2,"CubFit",-45.3322143532311,-45.9569359455469
"750",40083,"Freshwater",1,2,"HolFit",-56.6440756104624,-57.4770377335502
"751",40083,"Freshwater",1,2,"QuaFit",-56.0529920557083,-57.094194709568
"752",40083,"Freshwater",1,2,"GenFit",-40.6539856994155,-41.2787072917313
"753",40083,"Freshwater",1,2,"CubFit",-36.8835053455573,-37.5082269378732
"754",40084,"Freshwater",1,2,"HolFit",-43.424103932654,-44.2570660557418
"755",40084,"Freshwater",1,2,"QuaFit",-43.9551392272495,-44.9963418811092
"756",40084,"Freshwater",1,2,"GenFit",-8.64728066008724,-9.27200225240308
"757",40084,"Freshwater",1,2,"CubFit",-28.1408298035068,-28.7655513958226
"758",40085,"Freshwater",1,2,"HolFit",-38.368659749176,-39.2016218722637
"759",40085,"Freshwater",1,2,"QuaFit",-44.9976988426899,-46.0389014965497
"760",40085,"Freshwater",1,2,"GenFit",-32.6275655513651,-33.2522871436809
"761",40085,"Freshwater",1,2,"CubFit",-32.6275655606463,-33.2522871529622
"762",40086,"Freshwater",1,2,"HolFit",-42.7848432271915,-43.6178053502793
"763",40086,"Freshwater",1,2,"QuaFit",-48.0215407446447,-49.0627433985044
"764",40086,"Freshwater",1,2,"GenFit",-27.6451809278498,-28.2699025201656
"765",40086,"Freshwater",1,2,"CubFit",-27.6451806787633,-28.2699022710791
"766",40087,"Freshwater",1,2,"HolFit",-55.8680487482918,-56.7010108713796
"767",40087,"Freshwater",1,2,"QuaFit",-53.8720595919408,-54.9132622458005
"768",40087,"Freshwater",1,2,"GenFit",-50.1644380393776,-50.7891596316935
"769",40087,"Freshwater",1,2,"CubFit",-51.0594189943917,-51.6841405867075
"770",40088,"Freshwater",2,2,"HolFit",-79.7877060593195,-80.6206681824073
"771",40088,"Freshwater",2,2,"QuaFit",-78.1152369433345,-79.1564395971942
"772",40088,"Freshwater",2,2,"GenFit",-69.5088061788253,-70.1335277711412
"773",40088,"Freshwater",2,2,"CubFit",-75.5154138660518,-76.1401354583676
"774",40089,"Freshwater",2,2,"HolFit",-70.2781784761995,-71.1111405992873
"775",40089,"Freshwater",2,2,"QuaFit",-69.3688011874602,-70.4100038413199
"776",40089,"Freshwater",2,2,"GenFit",-70.2815409242413,-70.9062625165571
"777",40089,"Freshwater",2,2,"CubFit",-55.4874768768348,-56.1121984691507
"778",40090,"Freshwater",2,2,"HolFit",-70.9875875413965,-71.8205496644843
"779",40090,"Freshwater",2,2,"QuaFit",-69.2670223289809,-70.3082249828406
"780",40090,"Freshwater",2,2,"GenFit",-71.6769949592932,-72.301716551609
"781",40090,"Freshwater",2,2,"CubFit",-60.7903686406354,-61.4150902329512
"782",40091,"Freshwater",2,2,"HolFit",-70.9424713630919,-71.7754334861797
"783",40091,"Freshwater",2,2,"QuaFit",-69.308732496118,-70.3499351499777
"784",40091,"Freshwater",2,2,"GenFit",-68.6817068747767,-69.3064284670925
"785",40091,"Freshwater",2,2,"CubFit",-69.0696069665201,-69.694328558836
"786",40092,"Freshwater",2,2,"HolFit",-70.428371643987,-71.2613337670748
"787",40092,"Freshwater",2,2,"QuaFit",-70.1001042642076,-71.1413069180674
"788",40092,"Freshwater",2,2,"GenFit",-71.492746672447,-72.1174682647628
"789",40092,"Freshwater",2,2,"CubFit",-66.4255518940401,-67.0502734863559
"790",40093,"Freshwater",2,2,"HolFit",-73.6101083434236,-74.4430704665114
"791",40093,"Freshwater",2,2,"QuaFit",-76.2226676234372,-77.2638702772969
"792",40093,"Freshwater",2,2,"GenFit",-74.9877145854388,-75.6124361777546
"793",40093,"Freshwater",2,2,"CubFit",-76.1906589515478,-76.8153805438636
"794",40094,"Freshwater",2,2,"HolFit",-69.5118806241756,-70.3448427472634
"795",40094,"Freshwater",2,2,"QuaFit",-68.9194590587055,-69.9606617125652
"796",40094,"Freshwater",2,2,"GenFit",-69.925031709554,-70.5497533018698
"797",40094,"Freshwater",2,2,"CubFit",-71.0765366135645,-71.7012582058803
"798",40095,"Freshwater",2,2,"HolFit",-66.6525456753629,-67.4855077984507
"799",40095,"Freshwater",2,2,"QuaFit",-79.6204144605632,-80.6616171144229
"800",40095,"Freshwater",2,2,"GenFit",-67.4789881842982,-68.1037097766141
"801",40095,"Freshwater",2,2,"CubFit",-66.1859093527376,-66.8106309450534
"802",40096,"Freshwater",2,2,"HolFit",-81.8290583422528,-82.6620204653406
"803",40096,"Freshwater",2,2,"QuaFit",-86.181360821314,-87.2225634751738
"804",40096,"Freshwater",2,2,"GenFit",-77.9973475177054,-78.6220691100212
"805",40096,"Freshwater",2,2,"CubFit",-74.521693183354,-75.1464147756699
"806",40097,"Freshwater",2,2,"HolFit",-85.4080245749833,-86.2409866980711
"807",40097,"Freshwater",2,2,"QuaFit",-87.4699578159573,-88.5111604698171
"808",40097,"Freshwater",2,2,"GenFit",-83.6951603000956,-84.3198818924115
"809",40097,"Freshwater",2,2,"CubFit",-84.5597435925619,-85.1844651848777
"810",40098,"Marine",1,1,"HolFit",-477.938280650819,-473.226065329427
"811",40098,"Marine",1,1,"QuaFit",-478.481730681624,-472.591461529885
"812",40098,"Marine",1,1,"GenFit",-479.24294830765,-475.708786816606
"813",40098,"Marine",1,1,"CubFit",-478.682081309204,-475.14791981816
"814",40099,"Marine",1,1,"HolFit",-720.283391174376,-713.52787335792
"815",40099,"Marine",1,1,"QuaFit",-719.684705175491,-711.240307904921
"816",40099,"Marine",1,1,"GenFit",-713.230801041478,-708.164162679136
"817",40099,"Marine",1,1,"CubFit",-714.863314325486,-709.796675963144
"818",40100,"Marine",1,1,"HolFit",-802.143728540942,-795.388210724486
"819",40100,"Marine",1,1,"QuaFit",-800.655488131935,-792.211090861366
"820",40100,"Marine",1,1,"GenFit",-803.786329742287,-798.719691379946
"821",40100,"Marine",1,1,"CubFit",-804.192884511343,-799.126246149002
"822",40101,"Terrestrial",1,1,"HolFit",-1440.35486401352,-1431.24819953746
"823",40101,"Terrestrial",1,1,"QuaFit",-1438.46036887916,-1427.07703828408
"824",40101,"Terrestrial",1,1,"GenFit",-1441.81534222593,-1434.98534386888
"825",40101,"Terrestrial",1,1,"CubFit",-1438.65273737941,-1431.82273902236
"826",40102,"Freshwater",2,2,"HolFit",21.8272037341921,32.2876858015571
"827",40102,"Freshwater",2,2,"QuaFit",23.8118018608138,36.8874044450201
"828",40102,"Freshwater",2,2,"GenFit",46.6562547162849,54.5016162668087
"829",40102,"Freshwater",2,2,"CubFit",42.9439642873735,50.7893258378973
"830",40103,"Terrestrial",1,1,"HolFit",-164.204005799039,-163.886239632319
"831",40103,"Terrestrial",1,1,"QuaFit",-164.192239126333,-163.795031417934
"832",40103,"Terrestrial",1,1,"GenFit",-165.722225236222,-165.483900611183
"833",40103,"Terrestrial",1,1,"CubFit",-165.40282705285,-165.164502427811
"834",40104,"Terrestrial",1,1,"HolFit",-181.828595152017,-181.510828985298
"835",40104,"Terrestrial",1,1,"QuaFit",-179.838944863405,-179.441737155006
"836",40104,"Terrestrial",1,1,"GenFit",-182.664725215056,-182.426400590017
"837",40104,"Terrestrial",1,1,"CubFit",-183.064748884479,-182.82642425944
"838",40105,"Marine",1,1,"HolFit",-132.151181269103,-132.984143392191
"839",40105,"Marine",1,1,"QuaFit",-132.99342351652,-134.03462617038
"840",40105,"Marine",1,1,"GenFit",-120.279539120217,-120.904260712533
"841",40105,"Marine",1,1,"CubFit",-96.9266244677963,-97.5513460601121
"842",40108,"Marine",1,1,"HolFit",-407.287484167275,-398.714945261709
"843",40108,"Marine",1,1,"QuaFit",-408.007571589995,-397.291897958037
"844",40108,"Marine",1,1,"GenFit",-410.580424000554,-404.15101982138
"845",40108,"Marine",1,1,"CubFit",-410.579132181811,-404.149728002636
"846",40109,"Marine",1,1,"HolFit",-505.802946043876,-496.808965075679
"847",40109,"Marine",1,1,"QuaFit",-507.004242205348,-495.761765995101
"848",40109,"Marine",1,1,"GenFit",-506.551611262686,-499.806125536538
"849",40109,"Marine",1,1,"CubFit",-498.201665057415,-491.456179331267
"850",40110,"Marine",1,1,"HolFit",-541.373558479665,-532.266894003601
"851",40110,"Marine",1,1,"QuaFit",-541.66209301344,-530.27876241836
"852",40110,"Marine",1,1,"GenFit",-543.080665438454,-536.250667081405
"853",40110,"Marine",1,1,"CubFit",-546.243908573711,-539.413910216662
"854",40111,"Freshwater",2,2,"HolFit",-73.7023654973455,-74.5353276204332
"855",40111,"Freshwater",2,2,"QuaFit",-74.5111382111931,-75.5523408650529
"856",40111,"Freshwater",2,2,"GenFit",-62.793319103531,-63.4180406958468
"857",40111,"Freshwater",2,2,"CubFit",-62.7933190491551,-63.4180406414709
