"","ID","a_value","h_value","q_value","BestModelAIC","BestAIC","BestModelBIC","BestBIC","ResDensity","N_TraitValue","Habitat","Res_MovementDimensionality","Con_MovementDimensionality","ConTaxa","ResTaxa","MecOrPhen"
"1",39835,4.26404888888889e-05,0.861362955998629,-0.74099565576762,"GenFit",-102.709613363185,"GenFit",-102.471288738145,10,0.001205546,"Freshwater","3D","3D","Cyclops","Panagrolaimus","Mechanistic"
"2",39836,-0.957502254284918,1.20461172261029,-0.0252208580311601,"GenFit",-195.953252897304,"GenFit",-195.045497618321,19.9323,0.000524793,"Freshwater","2D","2D","Rhyacophila","Chironomus","Mechanistic"
"3",39837,-0.10048239864409,0.976569618098438,-0.603420721367002,"HolFit",-171.174772415863,"HolFit",-170.267017136881,19.9323,0.000255428,"Freshwater","2D","2D","Rhyacophila","Chironomus","Mechanistic"
"4",39838,-0.516065490432084,0.274469549339994,0.847125201486051,"HolFit",-203.459533559537,"HolFit",-202.551778280555,19.9323,0.00012963,"Freshwater","2D","2D","Rhyacophila","Chironomus","Mechanistic"
"5",39839,2.90732907652516e-06,-0.795853214804083,1.60508954560851,"CubFit",-194.139299947653,"CubFit",-192.626374482682,19.9323,0.000123763,"Freshwater","2D","2D","Rhyacophila","Chironomus","Phenomenological"
"6",39840,0.0285048085701147,2.43327266045758,2.30523159919439,"HolFit",-12.3871896122303,"HolFit",-7.63663279686197,0.25,0.287328,"Freshwater","3D","3D","Salvelinus","Daphnia","Mechanistic"
"7",39841,0.560943027492613,2.86669370824922,-1.96714253816754,"HolFit",-33.6114302621258,"HolFit",-28.4707140620128,0.2039,0.1679,"Freshwater","3D","3D","Salvelinus","Daphnia","Mechanistic"
"8",39842,4.11277943821646,4.33858133722605,-0.800829073532829,"QuaFit",-0.0557007596057559,"QuaFit",6.04974133885889,0.2453,0.1501,"Freshwater","3D","3D","Salvelinus","Daphnia","Phenomenological"
"9",39843,-0.0797871127724648,1.70005285152863,-0.212014988064766,"HolFit",-25.2298286743989,"HolFit",-21.2332151438733,0.1254,0.2429,"Freshwater","3D","3D","Salvelinus","Daphnia","Mechanistic"
"10",39844,1.53435416964185,0.476059799082577,0.875050378660435,"HolFit",-25.427915872884,"HolFit",-20.2149070180339,0.2445,0.17,"Freshwater","3D","3D","Salvelinus","Daphnia","Mechanistic"
"11",39845,0.0963020912796851,1.1118,-0.133133480876524,"GenFit",-14.5544431677014,"GenFit",-11.0202816766576,0.2521,0.1897,"Freshwater","3D","3D","Salvelinus","Daphnia","Mechanistic"
"12",39846,-0.241506966762245,-0.33218548912555,-0.312784095294774,"GenFit",-11.7924947792329,"GenFit",-8.38601213144542,0.2405,0.1648,"Freshwater","3D","3D","Salvelinus","Daphnia","Mechanistic"
"13",39847,1.0278471252336,0.380822889041156,0.322251056552734,"CubFit",-32.4441979730312,"HolFit",-27.8919463898519,0.2477,0.1932,"Freshwater","3D","3D","Salvelinus","Daphnia","Phenomenological"
"14",39848,4.44448846080478,0.632224412085196,0.655743795447052,"HolFit",-10.4581204318861,"HolFit",-6.80149295728154,0.2405,0.1147,"Freshwater","3D","3D","Salvelinus","Daphnia","Mechanistic"
"15",39849,-0.611029698047787,0.0415257522836328,1.34641805789656,"QuaFit",-14.1858818384856,"GenFit",-10.7110186473928,0.2443,0.0734,"Freshwater","3D","3D","Salvelinus","Daphnia","Phenomenological"
"16",39850,0.137820544652641,0.20163372065872,0.0699604647234082,"CubFit",-29.2946271008978,"CubFit",-24.5724322050656,0.2471,0.3135,"Freshwater","3D","3D","Salvelinus","Daphnia","Phenomenological"
"17",39868,0.903868441004306,1.28323813527359,-0.126680325743971,"QuaFit",-84.2872539011432,"QuaFit",-85.120216024231,10,0.000300926,"Freshwater","3D","3D","Notonecta","Daphnia","Phenomenological"
"18",39869,0.513744592666626,-0.673969445750117,-0.455098914240286,"HolFit",-72.5769448092091,"CubFit",-73.2872338744935,10,0.000717593,"Freshwater","3D","3D","Notonecta","Daphnia","Mechanistic"
"19",39870,1.74088992790049,-0.196111516095698,-0.232147662900388,"GenFit",-86.6829719055102,"GenFit",-87.3076934978261,10,0.000617284,"Freshwater","3D","3D","Notonecta","Daphnia","Mechanistic"
"20",39871,-0.0413086055777967,3.4127735695153,0.654113044030964,"CubFit",-73.4146046689943,"CubFit",-74.4558073228541,10,0.000796296,"Freshwater","3D","3D","Notonecta","Daphnia","Phenomenological"
"21",39873,1.41801308621523,0.426512756384909,2.21673987785657,"QuaFit",-94.7894866390939,"QuaFit",-95.6224487621817,10,0.000166667,"Freshwater","3D","3D","Notonecta","Daphnia","Phenomenological"
"22",39874,0.518066341523081,-0.445979709271342,-0.728800644166768,"HolFit",-86.3058757319995,"HolFit",-86.9305973243154,10,0.000462963,"Freshwater","3D","3D","Notonecta","Daphnia","Mechanistic"
"23",39875,0.362949557262625,-4.0071427166019,-0.590874781832099,"HolFit",-73.5745342624586,"CubFit",-74.5681184753758,10,0.000925926,"Freshwater","3D","3D","Notonecta","Daphnia","Mechanistic"
"24",39876,-0.988488886585867,-0.00543035427108407,0.801652115319434,"GenFit",-69.978090423335,"GenFit",-70.6028120156509,10,0.000777778,"Freshwater","3D","3D","Notonecta","Daphnia","Mechanistic"
"25",39877,-0.268579083494842,0.389211213681847,1.03077623900026,"GenFit",-74.139134053259,"CubFit",-74.8175720941161,10,0.000796296,"Freshwater","3D","3D","Notonecta","Daphnia","Mechanistic"
"26",39878,-0.358676080126315,0.000592593,1.35724743255906,"HolFit",-101.217587553591,"HolFit",-101.842309145907,10,7.41e-05,"Freshwater","3D","3D","Notonecta","Daphnia","Mechanistic"
"27",39879,4.20960315664009,-0.827993927989155,-0.945144887082279,"HolFit",-95.9356418107941,"HolFit",-96.5603634031099,10,0.000296296,"Freshwater","3D","3D","Notonecta","Daphnia","Mechanistic"
"28",39880,-0.803062839205011,0.002888889,-0.447230389341712,"HolFit",-79.9809651145867,"HolFit",-80.6056867069026,10,0.000759259,"Freshwater","3D","3D","Notonecta","Daphnia","Mechanistic"
"29",39881,0.0618824665434659,0.425523462688288,0.97685436221318,"HolFit",-83.6676667835274,"HolFit",-84.2923883758433,10,0.000925926,"Freshwater","3D","3D","Notonecta","Daphnia","Mechanistic"
"30",39882,-0.0452447598800063,0.581124574877322,-0.493535446003079,"HolFit",-80.2787008060502,"HolFit",-80.903422398366,10,5e-04,"Freshwater","3D","3D","Notonecta","Daphnia","Mechanistic"
"31",39883,-2.10481146117221,-0.255261734127998,0.789675671607256,"CubFit",-880.278870969078,"CubFit",-870.718755941937,2,4.41e-06,"Terrestrial","2D","2D","Chrysomya","Chrysomya","Phenomenological"
"32",39885,2.55767727237086,-0.865289490669966,1.22345641441643,"GenFit",-108.358563539916,"GenFit",-108.983285132232,1,3.89e-05,"Terrestrial","2D","2D","Pardosa","Drosophila","Mechanistic"
"33",39890,-0.0101254181936383,-0.672920916543172,-0.165790838189423,"QuaFit",-92.3112048069109,"QuaFit",-93.1441669299986,3,0.000177035,"Freshwater","3D","2D","Anomalagrion","Simocephalus","Phenomenological"
"34",39891,0.681532756891102,-0.164768320758516,2.51466236863608,"CubFit",-91.3697750873797,"CubFit",-92.4109777412394,3,0.000289426,"Freshwater","3D","2D","Anomalagrion","Daphnia","Phenomenological"
"35",39892,-1.83481549032483,2.12914234050586,-0.411461906507611,"CubFit",-284.668498697459,"CubFit",-279.946303801627,22.5,0.000146056,"Terrestrial","2D","2D","Peromyscus","Neodiprion","Phenomenological"
"36",39893,1.17116929292929e-05,0.524379182141274,0.0660059703120911,"QuaFit",-284.930128060856,"QuaFit",-281.368641029271,15,1.4e-05,"Terrestrial","2D","2D","Peromyscus","Triticum","Phenomenological"
"37",39894,9.85416666666666e-05,-0.578083410060234,-1.80910799661521,"HolFit",-111.196443699041,"HolFit",-111.358713251875,2,0.000176347,"Terrestrial","2D","2D","Pergamasus","Onychiurus","Mechanistic"
"38",39895,0.177670202217996,-0.604361555251371,-0.600811803026738,"CubFit",-119.572482369473,"HolFit",-119.321396391673,1,0.000146806,"Freshwater","3D","3D","Chaoborus","Daphnia","Phenomenological"
"39",39896,2.26778269230769e-05,-1.20567499512919,0.502021139821984,"QuaFit",-120.07613671274,"QuaFit",-119.758370546021,1,0.000164972,"Freshwater","3D","3D","Chaoborus","Daphnia","Phenomenological"
"40",39897,-0.679318523965776,0.0353042916611541,1.40809970814735,"HolFit",-121.880051944553,"HolFit",-121.641727319513,1,0.000134694,"Freshwater","3D","3D","Chaoborus","Daphnia","Mechanistic"
"41",39898,-0.682423033297945,0.0633470928296447,1.56386299441105,"QuaFit",-142.048161062696,"QuaFit",-141.730394895976,1,0.000139278,"Freshwater","3D","3D","Chaoborus","Daphnia","Phenomenological"
"42",39899,0.180103008169681,1.12196490079325,1.41740749404469,"QuaFit",-128.760538612602,"QuaFit",-128.442772445883,1,0.000136222,"Freshwater","3D","3D","Chaoborus","Daphnia","Phenomenological"
"43",39900,-0.300488649401814,-0.256745914928615,-1.79777556367974,"CubFit",-131.843281854701,"CubFit",-131.446074146302,1,9.79e-05,"Freshwater","3D","3D","Chaoborus","Daphnia","Phenomenological"
"44",39901,-0.38581270352006,-2.75189077893046,1.12814968672424,"QuaFit",-121.980073717289,"QuaFit",-121.66230755057,1,0.000138889,"Freshwater","3D","3D","Chaoborus","Moina","Phenomenological"
"45",39902,-0.892493341118097,-2.3495166749526,0.471379333175719,"GenFit",-114.37645142856,"GenFit",-114.13812680352,1,2.42e-05,"Freshwater","3D","3D","Chaoborus","Holopedium","Mechanistic"
"46",39903,6.34610169491526e-06,0.0413738800027886,-0.219289881177247,"HolFit",-110.77395748453,"HolFit",-110.53563285949,1,2.27e-05,"Freshwater","3D","3D","Chaoborus","Holopedium","Mechanistic"
"47",39904,-0.566539609804749,2.20441343589118,-1.3923845179379,"QuaFit",-125.381141877445,"QuaFit",-125.063375710726,1,0.000103264,"Freshwater","3D","3D","Chaoborus","Diaptomus","Phenomenological"
"48",39905,0.202212989330292,0.417055930476636,-1.57166025973856,"HolFit",-120.46143882241,"HolFit",-120.223114197371,1,0.000103264,"Freshwater","3D","3D","Chaoborus","Cyclops","Mechanistic"
"49",39906,0.561711389105767,0.707601350732148,0.275652414187789,"GenFit",-130.876420945967,"GenFit",-130.638096320927,1,0.000103264,"Freshwater","3D","3D","Chaoborus","Diaptomus","Mechanistic"
"50",39907,-0.850367660850351,0.0364450919441879,1.76225741859525,"CubFit",-185.813129947064,"CubFit",-180.357917680273,4.438,0.002554131,"Terrestrial","2D","2D","Lemmus","sedges","Phenomenological"
"51",39908,-0.0067366692237556,0.374753126408905,0.78,"GenFit",-156.173806421496,"GenFit",-155.935481796456,3,3.26e-05,"Terrestrial","2D","2D","Phytoseiulus","Tetranychus","Mechanistic"
"52",39909,-0.415668847707517,-0.820806670002639,0.78,"HolFit",-145.548842177863,"HolFit",-145.310517552823,3,3.69e-05,"Terrestrial","2D","2D","Amblyseius","Tetranychus","Mechanistic"
"53",39910,-0.822559345047921,0.603445338550955,-0.0202861588363793,"CubFit",763.882082239875,"QuaFit",770.884909061617,82363.7907,0.014876593,"Freshwater","3D","3D","Xenopus","Saccharomyces","Phenomenological"
"54",39911,0.885185080580413,14566.14447,0.78,"QuaFit",776.867019037184,"QuaFit",783.817697510318,878800,0.024998724,"Freshwater","3D","3D","Rana","Saccharomyces","Phenomenological"
"55",39912,-0.174751724582165,-3.124575052611,1.38638380728662,"CubFit",-125.961448916952,"CubFit",-125.564241208553,2.3115,0.000988389,"Freshwater","3D","3D","Abramis","Daphnia","Phenomenological"
"56",39914,9.85636523382624e-07,0.114477222785354,-1.25222339108586,"HolFit",41.8370007523013,"HolFit",43.0306865706965,1024.1355,0.808333333,"Freshwater","3D","3D","Daphnia","Chlamydomonas","Mechanistic"
"57",39915,7.03403905869823,0.060784992,-1.82995986565948,"HolFit",-78.1965567356503,"HolFit",-76.7418367862863,10.751,0.007479744,"Terrestrial","2D","2D","Odocoileus","sedges","Mechanistic"
"58",39916,0.696696502107368,1.69249570255373,-1.29315721988678,"CubFit",-33.8079571375014,"CubFit",-34.0784063922249,296.9487,0.083555228,"Terrestrial","2D","2D","Cervus","sedges","Phenomenological"
"59",39918,-2.59542742774721,-0.677657620305486,-1.29524573963135,"QuaFit",-83.9744060452292,"QuaFit",-83.1855077358843,6.088,0.014896667,"Terrestrial","2D","2D","Haematopus","Scrobicularia","Phenomenological"
"60",39924,7.32110469909316e-06,4.1533488720253,-1.40482931770384,"CubFit",-155.678863132124,"CubFit",-156.720065785983,0.33,3.7e-06,"Terrestrial","2D","2D","Tenodera","Drosophila","Phenomenological"
"61",39925,1.31137378656618,0.952620056457818,0.0860518766567111,"CubFit",-58.6265495607623,"QuaFit",-51.5187547976565,217.5062,0.137244417,"Terrestrial","sessile","2D","Bison","sedges","Phenomenological"
"62",39931,0.887099836545766,-0.267971501885425,0.411051250972875,"CubFit",-117.30468333508,"CubFit",-118.34588598894,2,3.1e-05,"Terrestrial","sessile","2D","Myodes","Salix","Phenomenological"
"63",39932,0.782991423271596,-0.731009379960597,0.278272677654797,"CubFit",-68.9603455037634,"CubFit",-61.477807696431,0.0278,0.300176411,"Terrestrial","sessile","2D","Odocoileus","Rubus","Phenomenological"
"64",39933,-0.983895310200751,0.293038208968937,0.24655162030831,"GenFit",-253.040039448407,"GenFit",-250.540399416238,0.366,0.000756308,"Terrestrial","sessile","2D","Odocoileus","Tsuga","Mechanistic"
"65",39934,0.285356760025024,1265.51623211884,-0.522827088774401,"CubFit",228.2174460709,"CubFit",232.669304860381,0.7096,58.14722222,"Marine","3D","2D","Dreissena","Chlamydomonas","Phenomenological"
"66",39935,1.66429468319737,0.000126721,-1.1584751708433,"CubFit",-142.41301639092,"CubFit",-142.683465645643,1,1.15e-05,"Terrestrial","2D","2D","Macrolophus","Myzus","Phenomenological"
"67",39936,1.90095520581114e-06,0.760162302292883,0.78,"GenFit",-96.3151342891757,"CubFit",-97.2571571103398,6,5.65e-05,"Terrestrial","2D","2D","Macrolophus","Tetranychus","Mechanistic"
"68",39939,-0.276561208534986,-0.0267848283983767,-0.0780821614465825,"GenFit",-341.050933304113,"GenFit",-336.653725595713,173.6689,0.000316173,"Terrestrial","sessile","2D","Alces","Betula","Mechanistic"
"69",39940,-0.69500952825119,0.232503225938018,-0.310337863066978,"HolFit",-1418.87137915728,"HolFit",-1411.72529925326,44,2.19e-05,"Marine","sessile","2D","Calliopius","Mallotus","Mechanistic"
"70",39941,2.45994623687013,0.893765065819025,1.15988807380199,"QuaFit",-80.8131748873377,"QuaFit",-80.0242765779928,1.3927,0.003467611,"Marine","3D","3D","Philine","Isochrysis","Phenomenological"
"71",39942,-0.611199881045688,-0.907270297588605,0.435077953975885,"HolFit",-122.295635900345,"HolFit",-119.02250854027,1.063,0.002709583,"Marine","3D","3D","Philine","Isochrysis","Mechanistic"
"72",39943,0.00177014191967171,0.287097861,1.87213389016688,"QuaFit",-56.9387090133689,"QuaFit",-54.9990824142169,1.3347,0.012829472,"Marine","3D","3D","Philine","Isochrysis","Phenomenological"
"73",39944,0.999773584771901,1.62783985255128,-0.59249690743249,"CubFit",-73.807955177698,"CubFit",-67.9176860259583,1.3913,0.043216194,"Marine","3D","3D","Philine","Isochrysis","Phenomenological"
"74",39947,0.0139259365851415,-0.25946461642161,0.0680617839097977,"GenFit",-227.981064839789,"GenFit",-226.787379021394,1800,5.9e-05,"Terrestrial","2D","3D","kestrels","Microtus","Mechanistic"
"75",39951,-0.438726119231433,-0.432306115981191,-0.242461379617453,"CubFit",-133.853590657217,"CubFit",-134.894793311077,2,3.7875e-05,"Freshwater","2D","2D","Glossiphonia","Lymnaea","Phenomenological"
"76",39952,-1.14247311827958e-09,-0.218169796746224,2.42944753647683,"CubFit",-138.433090764529,"CubFit",-139.474293418389,2,2e-05,"Freshwater","2D","2D","Glossiphonia","Lymnaea","Phenomenological"
"77",39954,-0.695809058379382,-0.0953436045460627,1.26074320264161,"HolFit",-117.45233092732,"HolFit",-118.077052519636,2,9.09e-06,"Freshwater","2D","2D","Glossiphonia","Physa","Mechanistic"
"78",39955,0.888558335602283,0.151844119176289,1.5678910252074,"HolFit",-123.090038806461,"HolFit",-123.252308359295,10,0.000110764,"Terrestrial","2D","2D","Curinus","Heteropsylla","Mechanistic"
"79",39956,-0.413876693230122,-0.397355404833524,-0.503323595039546,"CubFit",-121.531618386359,"CubFit",-121.802067641083,10,6.78e-05,"Terrestrial","2D","2D","Curinus","Heteropsylla","Phenomenological"
"80",39957,-0.219606634695083,-0.887426050845534,-0.222199156880379,"HolFit",-117.511748741435,"HolFit",-117.674018294269,10,5.13e-05,"Terrestrial","2D","2D","Curinus","Heteropsylla","Mechanistic"
"81",39958,0.703253885731101,-0.327155077829957,0.13022587262094,"CubFit",-129.66784266559,"CubFit",-129.938291920313,10,9.59e-05,"Terrestrial","2D","2D","Curinus","Heteropsylla","Phenomenological"
"82",39959,3.10275152283622,0.573653391608462,0.833367750538652,"GenFit",-117.16198691882,"GenFit",-117.324256471654,10,5.79e-05,"Terrestrial","2D","2D","Curinus","Heteropsylla","Mechanistic"
"83",39960,-1.73265976268799,-0.435481089823463,-0.226781233215461,"CubFit",-134.6386700019,"CubFit",-135.67987265576,1,2.56e-06,"Marine","2D","2D","Callinectes","Macoma","Phenomenological"
"84",39961,-0.766970484517515,1.68160309550628,-0.369625279679894,"QuaFit",-134.83534982346,"CubFit",-135.764071245728,2,1.47e-06,"Marine","2D","2D","Callinectes","Mya","Phenomenological"
"85",39962,1.24285587646552,0.455575752439783,-0.219947733916342,"CubFit",-69.9287046525614,"CubFit",-70.9699073064211,59.0463,0.001795333,"Freshwater","3D","3D","Alosa","Artemia","Phenomenological"
"86",39963,0.442539754789323,0.103954671882093,1.05734571571669,"HolFit",-103.919430570442,"HolFit",-103.011675291459,21.5356,0.001365333,"Freshwater","3D","3D","Coregonus","Artemia","Mechanistic"
"87",39965,0.193548668641597,-0.384260465003939,-1.09653883532025,"HolFit",-19.2682201340035,"HolFit",-18.6765464019948,50.4261,0.010289667,"Freshwater","3D","3D","Alosa","Artemia","Mechanistic"
"88",39966,0.764558627023684,0.0173026178963482,0.0156152885361721,"GenFit",-27.9356280412983,"GenFit",-27.0278727623162,20.9172,0.138836333,"Freshwater","3D","3D","Coregonus","Artemia","Mechanistic"
"89",39972,1.77745461473586,2.9841434683163,0.81154453643572,"HolFit",7.78667556623105,"HolFit",9.70384755507683,0.8444,0.073738111,"Freshwater","3D","3D","Coregonus","Artemia","Mechanistic"
"90",39973,0.307216278277338,53.024720545451,0.134752684272826,"CubFit",42.3172773980734,"CubFit",41.2760747442137,0.05,6.957944365,"Freshwater","3D","3D","Daphnia","Scenedesmus","Phenomenological"
"91",39974,3.88412418648966e-05,1342.69980700331,-0.78234410751611,"QuaFit",82.9919272955401,"QuaFit",82.1589651724523,11025000,195.1782574,"Freshwater","3D","3D","Pseudacris","Anabaena","Phenomenological"
"92",39975,0.996568184864171,857.227551984204,0.339512316510081,"CubFit",68.3901874319701,"CubFit",67.3489847781103,1226900,7.211510791,"Freshwater","3D","3D","Bufo","Anabaena","Phenomenological"
"93",39976,0.391161486607935,2622.36146347678,-0.195992225220044,"CubFit",108.717684719001,"CubFit",108.447235464277,1228400,3.338402078,"Freshwater","3D","3D","Rana","Anabaena","Phenomenological"
"94",39977,0.0162398828073394,0.722677254583687,1.9709140518858,"CubFit",-37.8816141811905,"CubFit",-38.152063435914,2,0.044604444,"Freshwater","3D","3D","Chalcalburnus","Cyclops","Phenomenological"
"95",39978,-0.676391087006778,0.787611415609717,-0.151697407745208,"QuaFit",-14.5963362464169,"QuaFit",-14.8126956501956,2,0.113997778,"Freshwater","3D","3D","Chalcalburnus","Daphnia","Phenomenological"
"96",39979,0.593382799997926,0.630244303029031,-0.482698388397694,"QuaFit",-30.6909620707938,"QuaFit",-31.5239241938816,2,0.054276111,"Freshwater","3D","3D","Chalcalburnus","Leptodora","Phenomenological"
"97",39980,-0.169350088108331,-0.410585298668593,0.865601087495397,"GenFit",-13.3366907210072,"GenFit",-13.9614123133231,2,0.101086667,"Freshwater","3D","3D","Chalcalburnus","Bythotrephes","Mechanistic"
"98",39981,-2.06448893139562,0.69532442977652,-0.583837716782576,"GenFit",-128.556234187701,"GenFit",-129.180955780017,10,2.85e-05,"Terrestrial","sessile","2D","Castor","Populus","Mechanistic"
"99",39982,1.83213950405347,-0.00375400763005018,-0.61210841871798,"HolFit",-72.7674478016198,"HolFit",-72.1757740696111,25.6513,0.004250556,"Marine","3D","3D","Mediomastus","Isochrysis","Mechanistic"
"100",39983,-0.469458385836333,-3.22731725584263,2.18905559138672,"HolFit",-295.983782766007,"HolFit",-294.790096947612,2.34,1.16e-06,"Terrestrial","2D","2D","Canis","Rangifer","Mechanistic"
"101",39984,0.392277859151363,-0.0912659014575183,-2.87748757351712,"CubFit",-111.969597709987,"CubFit",-113.010800363847,5,5.32e-05,"Terrestrial","2D","2D","Neoseiulus","Tetranychus","Phenomenological"
"102",39987,1.3745642614487e-06,-0.627437844406813,0.337132561020553,"CubFit",-147.355564548511,"CubFit",-142.90370575903,2335.8002,0.000650472,"Marine","3D","3D","Mercenaria","Isochrysis","Phenomenological"
"103",39988,0.727498326916248,0.121027556,-0.535558215342462,"QuaFit",-92.2907671887413,"GenFit",-88.8668629973102,1455.2881,0.001400861,"Marine","3D","3D","Mercenaria","Synechococcus","Phenomenological"
"104",39989,-0.0432268129661679,1.09750974769639,0.00612961780279875,"QuaFit",-163.065504495885,"QuaFit",-162.747738329166,2,1.15e-05,"Terrestrial","2D","2D","Lyctocoris","Plodia","Phenomenological"
"105",39990,7.24269662921348e-07,0.276662246551068,-1.5662882788594,"CubFit",-163.381233720944,"CubFit",-162.984026012545,2,5.26e-06,"Terrestrial","2D","2D","Lyctocoris","Oryzaephilus","Phenomenological"
"106",39991,-0.939697122891105,3.59932891416586,-1.69180880737799,"HolFit",-179.57438282653,"HolFit",-179.336058201491,2,1.94e-05,"Terrestrial","2D","2D","Lyctocoris","Tribolium","Mechanistic"
"107",39992,0.258955312299792,1.07750834470008,-0.0322031561656284,"HolFit",13.1634897363346,"HolFit",13.7551634683432,1.776,0.513665459,"Marine","3D","3D","Nyctiphanes","Chaetoceros","Mechanistic"
"108",39993,2.5145966857417,-0.152887870091945,0.84346350536252,"CubFit",-127.266319452415,"CubFit",-128.307522106275,0.5,3.54e-06,"Marine","3D","3D","Nyctiphanes","Acartia","Phenomenological"
"109",39994,7.84656620398644e-08,6.25e-05,0.0574434073641896,"GenFit",-157.121115596726,"GenFit",-156.882790971687,38.6442,1.98e-05,"Marine","3D","3D","Tortanus","Oithona","Mechanistic"
"110",39995,1.78788179569435e-07,-0.685333099216223,2.15227803463634,"HolFit",-148.42819100115,"HolFit",-148.189866376111,38.6442,2.32e-05,"Marine","3D","3D","Tortanus","Oithona","Mechanistic"
"111",39996,-2.27652699063887,0.639514320529997,-0.546375404112041,"QuaFit",-147.476750990401,"QuaFit",-147.158984823682,38.6442,2.64e-05,"Marine","3D","3D","Tortanus","Oithona","Phenomenological"
"112",39997,2.47637955074106,-0.00578731948148543,3.40052517305437,"GenFit",-139.529237626285,"GenFit",-139.290913001245,38.6442,4.48e-05,"Marine","3D","3D","Tortanus","Oithona","Mechanistic"
"113",39998,-0.463227449916303,-0.0320607936009765,1.60917617619529,"CubFit",-35.5942920875453,"CubFit",-35.1970843791461,6,0.0285735,"Freshwater","3D","3D","Streptocephalus","Anuraeopsis","Phenomenological"
"114",39999,-0.321472195908427,-0.57242134725675,2.19765706735466,"CubFit",-20.6432501724601,"CubFit",-20.2460424640609,6,0.023134833,"Freshwater","3D","3D","Streptocephalus","Anuraeopsis","Phenomenological"
"115",40000,0.987290036149242,0.869679659605026,-1.44612849876285,"QuaFit",-7.89371993267067,"QuaFit",-7.57595376595133,6,0.001191111,"Freshwater","3D","3D","Streptocephalus","Anuraeopsis","Phenomenological"
"116",40001,-0.0242517795247646,0.244340037927032,1.36687370697611,"CubFit",-58.9779068359292,"CubFit",-58.58069912753,6,0.019346417,"Freshwater","3D","3D","Streptocephalus","Anuraeopsis","Phenomenological"
"117",40002,3.71790722761597e-07,0.484182836487889,-0.702445582266196,"CubFit",-131.17719801822,"CubFit",-131.447647272944,6,1.58e-05,"Marine","2D","2D","Metacarcinus","Macoma","Phenomenological"
"118",40003,0.145874843001366,0.62160541607573,-0.713730591349304,"QuaFit",-120.938725052374,"QuaFit",-121.155084456153,6,1.03e-05,"Marine","2D","2D","Metacarcinus","Macoma","Phenomenological"
"119",40004,0.0661880588158965,0.0934882331639528,2.35210151815315,"CubFit",-141.723342451286,"QuaFit",-139.682969158242,1,6.89e-06,"Freshwater","3D","3D","Coenagrion","Daphnia","Phenomenological"
"120",40005,-0.119638802483678,-0.78056383272633,-1.54676865320653,"CubFit",-134.900240939111,"CubFit",-132.475707690171,1,0.000535667,"Freshwater","3D","3D","Lestes","Daphnia","Phenomenological"
"121",40006,0.179058142472059,2.86763751075968,-2.47899479314537,"HolFit",-148.955219185047,"HolFit",-147.500499235683,1,0.000383667,"Freshwater","3D","3D","Coenagrion","Daphnia","Mechanistic"
"122",40007,-0.491898338310421,0.909418180119246,1.7876863125233,"QuaFit",-138.88084530144,"QuaFit",-136.941218702288,1,0.001128,"Freshwater","3D","3D","Lestes","Daphnia","Phenomenological"
"123",40008,-0.447833850979805,-1.38916444594936,-1.82025895267725,"QuaFit",-90.7230976835744,"QuaFit",-90.405331516855,1,0.000637667,"Freshwater","3D","3D","Coenagrion","Daphnia","Phenomenological"
"124",40009,0.975649267646605,-2.35144465571196,-0.229450029321015,"CubFit",-130.633005617066,"CubFit",-128.208472368126,1,0.000896889,"Freshwater","3D","3D","Lestes","Daphnia","Phenomenological"
"125",40010,0.882581434212625,1481.26186516899,1.20834506121894,"CubFit",55.6582700235141,"CubFit",54.6170673696544,3000,200.2314815,"Marine","3D","3D","Nereis","Rhodomonas","Phenomenological"
"126",40013,3.52385474510914,1.84691482575173,1.23656676313535,"HolFit",-30.8213928334221,"HolFit",-30.5830682083826,0.00824,0.325840545,"Terrestrial","sessile","2D","Alces","Acer","Mechanistic"
"127",40014,3.14655886983066,0.63779449,1.45353407104371,"CubFit",-19.539910381589,"CubFit",-19.8103596363125,0.01294,0.292255649,"Terrestrial","sessile","2D","Alces","Acer","Phenomenological"
"128",40017,3.02418413993071,0.542550738435239,1.06212359759957,"GenFit",-402.154989590051,"GenFit",-398.158376059525,10,0.000140931,"Freshwater","3D","3D","Parabroteas","Bosmina","Mechanistic"
"129",40018,0.736329902894795,-0.505082578006604,-0.311961374095068,"HolFit",-433.451493436191,"HolFit",-429.149531822736,10,0.000279507,"Freshwater","3D","3D","Parabroteas","Ceriodaphnia","Mechanistic"
"130",40019,2.40111072388831e-05,4.84339009982957,-1.33219163678586,"CubFit",-389.93806765611,"QuaFit",-384.233482899202,10,0.000205778,"Freshwater","3D","3D","Parabroteas","Ceriodaphnia","Phenomenological"
"131",40020,0.95530628412962,0.62990941060707,-0.584826577454805,"HolFit",-388.636856740435,"HolFit",-384.749346142422,10,0.000140722,"Freshwater","3D","3D","Parabroteas","Daphnia","Mechanistic"
"132",40021,0.869665275327861,-0.93845345126465,0.78,"GenFit",-290.567111630774,"GenFit",-287.733794693275,10,1.73e-06,"Freshwater","3D","3D","Parabroteas","Daphnia","Mechanistic"
"133",40022,-2.58035849350654,0.479044965468347,0.884054051023408,"CubFit",-325.809982935344,"HolFit",-322.055440417679,10,6.18e-05,"Freshwater","3D","3D","Parabroteas","Daphnia","Phenomenological"
"134",40023,2.41181558249845e-05,-2.19995125825877,0.683762307131397,"CubFit",-102.470526930668,"CubFit",-102.740976185392,0.7835,0.000344056,"Freshwater","3D","3D","Cyclops","Askenasia","Phenomenological"
"135",40024,0.487583198325515,0.437449508812279,0.171319092623889,"CubFit",-102.649592911085,"CubFit",-102.920042165809,0.7812,0.000840611,"Freshwater","3D","3D","Cyclops","Askenasia","Phenomenological"
"136",40025,1.63116772380383e-05,1.63116772380383e-05,1.75736806822271,"CubFit",-133.918943853722,"GenFit",-132.353966676072,5.1322,0.000283583,"Freshwater","3D","3D","Cyclops","Halteria","Phenomenological"
"137",40026,-0.457789993379265,0.007314194,1.59317210037261,"HolFit",-73.57944823115,"HolFit",-73.741717783984,9.7057,0.001096667,"Freshwater","3D","3D","Cyclops","Halteria","Mechanistic"
"138",40027,0.437155670952052,0.272662764880806,1.59161986119552,"QuaFit",-88.2352306878815,"QuaFit",-87.4463323785366,3.1544,0.000893833,"Freshwater","3D","3D","Cyclops","Strobilidium","Phenomenological"
"139",40028,3.19936175308853e-05,1.89196402328278,-0.912313078530133,"CubFit",-67.4089347756281,"CubFit",-67.6793840303515,2.0226,0.004971361,"Freshwater","3D","3D","Cyclops","Strobilidium","Phenomenological"
"140",40029,-0.696607621852309,-0.486793455941821,-0.880968798207513,"HolFit",-107.607098524428,"HolFit",-106.699343245446,2.5608,0.000141944,"Freshwater","3D","3D","Cyclops","Stokesia","Mechanistic"
"141",40030,-0.568723760087845,-0.317371018230915,-0.312407838810916,"CubFit",-63.957419703545,"CubFit",-64.9986223574048,4.8105,0.000700944,"Freshwater","3D","3D","Cyclops","Stokesia","Phenomenological"
"142",40031,0.766498993616551,2.30362180150591,-0.730288685765117,"GenFit",-157.824716613824,"GenFit",-156.916961334842,5.4393,0.000346167,"Freshwater","3D","3D","Cyclops","Coleps","Mechanistic"
"143",40032,2.88050151142043,0.950869253189539,-0.610825259491508,"QuaFit",-130.695892945455,"QuaFit",-130.912252349233,2.6832,0.000316833,"Freshwater","3D","3D","Cyclops","Coleps","Phenomenological"
"144",40033,-0.0473571679826217,-0.834299630485475,-0.721144810318947,"GenFit",-120.804096945184,"GenFit",-115.591088090334,1,0.032056452,"Terrestrial","sessile","2D","Bonasa","Trifolium","Mechanistic"
"145",40034,1.35159925633625e-07,0.634179044514894,-1.43866501469165,"HolFit",-341.897320760192,"HolFit",-340.703634941797,2.646007353,2.34e-07,"Terrestrial","2D","2D","Canis","Alces","Mechanistic"
"146",40035,0.0222857985645533,141.02370020752,-1.23659474309534,"CubFit",242.763485484094,"CubFit",248.857864608435,12.81853282,6.244337862,"Marine","3D","3D","Oikopleura","Isochrysis","Phenomenological"
"147",40036,1.77786994983348,1317.55624630096,-2.90215677950596,"QuaFit",337.09194956365,"QuaFit",341.804164885042,14.84784624,11.27935219,"Marine","3D","3D","Oikopleura","Chlorella","Phenomenological"
"148",40037,0.0441439509133442,71.2242969165193,-0.234517622978191,"QuaFit",172.877713382797,"QuaFit",177.055803133691,12.82399542,1.169237603,"Marine","3D","3D","Oikopleura","Tetraselmis","Phenomenological"
"149",40038,-2.69428386614863,0.284508179873228,1.54504962805323,"HolFit",-70.0884062872851,"HolFit",-65.5988836028857,0.25,0.06122449,"Freshwater","3D","3D","Coregonus","Daphnia","Mechanistic"
"150",40039,-0.181936501525342,-0.821971774566919,-0.778341526811814,"HolFit",-81.7044849471158,"HolFit",-77.1254033732673,0.25,0.078787879,"Freshwater","3D","3D","Coregonus","Daphnia","Mechanistic"
"151",40042,0.482690772973001,0.162123938091099,-0.964452593587339,"CubFit",-916.1800077484,"HolFit",-908.108909901581,10,0.000694444,"Freshwater","2D","2D","Macrobiotus","Acrobeloides","Phenomenological"
"152",40043,0.381849381141365,0.680914002936333,1.17872535064816,"HolFit",-998.83999606551,"HolFit",-991.407985622076,10,0.000694444,"Freshwater","2D","2D","Macrobiotus","Acrobeloides","Mechanistic"
"153",40045,-0.587283389177173,0.291400239337236,0.612544260919094,"GenFit",-218.572918729364,"GenFit",-214.685408131351,5,0,"Freshwater","3D","3D","Eucyclops","Panagrolaimus","Mechanistic"
"154",40046,4.83220422599666e-05,3.33262101783221,2.10146551759093,"QuaFit",-174.866018558257,"QuaFit",-170.324041694541,5,0.0025,"Freshwater","3D","3D","Eucyclops","Poikilolaimus","Phenomenological"
"155",40047,-0.241765995044261,1.70616626362359,0.773246656754236,"QuaFit",-1169.91516862283,"HolFit",-1162.61285089449,20,0.000231481,"Freshwater","3D","3D","Hydaticus","Culex","Phenomenological"
"156",40048,-0.958209260832518,-4.46961552723881,0.111288369332692,"QuaFit",-1009.65042715853,"QuaFit",-1000.59970765037,40,0.000462963,"Freshwater","3D","3D","Eretes","Culex","Phenomenological"
"157",40049,0.433052995869259,0.91914051072672,3.36146068932939,"HolFit",-727.023862747944,"HolFit",-721.410259715221,10,0.000115741,"Freshwater","3D","3D","Rhantus","Culex","Mechanistic"
"158",40050,-3.42065923537651,3.60790044494664,1.49561070278287,"QuaFit",110.442188830637,"QuaFit",122.265497061042,5,0.159,"Terrestrial","sessile","3D","Perdix","Triticum","Phenomenological"
"159",40051,1.83251315384986,2.67983634295923,-1.07581602154111,"CubFit",79.1104937579836,"HolFit",89.5272141789537,25,0.269,"Terrestrial","sessile","3D","Fringilla","Brassica","Phenomenological"
"160",40052,0.955436852294952,1.26338241270107,-0.0306122060056808,"CubFit",-1291.30838900094,"QuaFit",-1282.19912467831,4,4.63e-05,"Terrestrial","2D","2D","Macrolophus","Myzus","Phenomenological"
"161",40053,-1.43302939286431,-2.50166159560238,-0.626158799044788,"CubFit",-1311.73381814288,"CubFit",-1300.49134193263,4,4.63e-05,"Terrestrial","2D","2D","Macrolophus","Myzus","Phenomenological"
"162",40054,0.17068189954389,-0.028689761986834,-1.26864253450185,"QuaFit",-1252.81114321223,"HolFit",-1244.17863026176,4,2.31e-05,"Terrestrial","2D","2D","Macrolophus","Myzus","Phenomenological"
"163",40055,0.0226041399873793,-1.46001332343807,-1.56908250693232,"HolFit",-1318.04805144425,"HolFit",-1311.3025657181,4,3.47e-05,"Terrestrial","2D","2D","Macrolophus","Myzus","Mechanistic"
"164",40057,-0.146481592208147,-0.895529926754534,2.64613046702629,"QuaFit",-98.7391479273216,"QuaFit",-99.5721100504094,4,0.000373639,"Marine","3D","3D","Pomatomus","Morone","Phenomenological"
"165",40059,0.114063078071922,-0.807411697693169,0.778598257340491,"GenFit",-139.732602573393,"GenFit",-139.140928841384,1,9.46e-05,"Marine","3D","3D","Pomatomus","Menidia","Mechanistic"
"166",40061,1.43394e-05,-0.370035319123417,0.123845171236297,"GenFit",-131.841248102396,"GenFit",-131.602923477356,10,0.000126013,"Freshwater","3D","sessile","Utricularia","Polyphemus","Mechanistic"
"167",40062,-0.828108557034284,-0.365814464632422,1.28079289570451,"HolFit",-136.284896009562,"HolFit",-136.046571384522,10,5.86e-05,"Freshwater","3D","sessile","Utricularia","Eucyclops","Mechanistic"
"168",40063,1.51321647627367e-11,3.51443594566751,-0.246127557641691,"QuaFit",-448.542672880261,"QuaFit",-445.209819504036,13921.8311,2.4e-06,"Terrestrial","3D","3D","Falco","Lagopus","Phenomenological"
"169",40064,0.631415776442736,-1.16626204228771,1.5150939244777,"GenFit",-189.398027651381,"GenFit",-186.898387619212,4.3,2.08e-05,"Marine","3D","3D","Praunus","Acartia","Mechanistic"
"170",40065,-0.28220758959651,-0.54134353203699,0.778523821386862,"GenFit",-249.850460734962,"GenFit",-246.716893421791,4.3,6.69e-06,"Marine","3D","3D","Praunus","Eurytemora","Mechanistic"
"171",40066,7.65266817284007e-05,1.0740803689357,-0.08902289532125,"GenFit",-128.730671158444,"GenFit",-126.412904991725,13,0.000203556,"Marine","3D","3D","Praunus","Pleopsis","Mechanistic"
"172",40067,0.0741540752278032,0.167794685345143,-0.576281452551484,"HolFit",-197.601967664741,"HolFit",-193.945340190136,13,0.000251583,"Marine","3D","3D","Praunus","Bosmina","Mechanistic"
"173",40068,0.000122527298964161,-3.22704734328403,-1.5424897428602,"CubFit",-63.954499446323,"CubFit",-64.9957021001827,0.5,0.014947222,"Freshwater","3D","3D","Sander","Daphnia","Phenomenological"
"174",40069,-2.6409116043983,0.781196491327137,-1.07226187549531,"QuaFit",-47.6637137873918,"QuaFit",-48.4966759104796,0.5,0.025658444,"Freshwater","3D","3D","Sander","Daphnia","Phenomenological"
"175",40070,-0.957668498158455,0.436166511848569,1.40345369186252,"CubFit",-30.5744424588018,"CubFit",-31.6156451126615,0.5,0.033371889,"Freshwater","3D","3D","Sander","Daphnia","Phenomenological"
"176",40071,3.91905023573221,-0.850089348386973,0.527390955016017,"CubFit",-38.142742327741,"CubFit",-39.1839449816007,0.5,0.037909556,"Freshwater","3D","3D","Sander","Daphnia","Phenomenological"
"177",40072,0.93965571699664,0.108908,0.207189761376413,"QuaFit",-27.9050068390021,"QuaFit",-28.7379689620899,0.5,0.033046,"Freshwater","3D","3D","Sander","Daphnia","Phenomenological"
"178",40073,-0.206990726292133,-0.029282845556736,0.585121413692832,"GenFit",-27.78720041921,"GenFit",-28.4119220115259,0.5,0.004346333,"Freshwater","3D","3D","Sander","Daphnia","Mechanistic"
"179",40074,0.000753675622950818,-0.0800218000076711,0.701115072943398,"CubFit",-30.3746562716978,"CubFit",-31.4158589255576,0.5,0.027116778,"Freshwater","3D","3D","Sander","Daphnia","Phenomenological"
"180",40075,-0.675906075630337,0.980171969626099,-0.826613890007138,"GenFit",-39.5004592094545,"GenFit",-40.1251808017704,0.5,0.010861889,"Freshwater","3D","3D","Sander","Daphnia","Mechanistic"
"181",40076,0.440028805868789,0.970165872650024,-0.582270106300712,"HolFit",-28.0124282325194,"HolFit",-28.6371498248352,0.5,0.016854889,"Freshwater","3D","3D","Sander","Daphnia","Mechanistic"
"182",40077,-0.449527981225401,0.175913034938276,0.417056052014232,"CubFit",-81.2700841188634,"CubFit",-82.3112867727231,0.5,0.000241778,"Freshwater","3D","3D","Sander","Daphnia","Phenomenological"
"183",40078,0.429884929675609,-1.40313840177779,-0.581999290903584,"QuaFit",-68.7259407739702,"QuaFit",-69.5589028970579,25,0.003130556,"Freshwater","2D","3D","Sander","Chironomus","Phenomenological"
"184",40079,0.924179554916918,0.991055910941213,0.16437631929883,"CubFit",-57.4272423579938,"CubFit",-58.4684450118536,25,0.003691444,"Freshwater","2D","3D","Sander","Chironomus","Phenomenological"
"185",40080,2.7498816183412e-06,0.708138646823376,0.331705080345273,"GenFit",-52.7635597422351,"GenFit",-53.388281334551,25,0.003512556,"Freshwater","2D","3D","Sander","Chironomus","Mechanistic"
"186",40081,-0.497310136877691,-0.162813599221408,-0.363025894388556,"HolFit",-58.5009198734289,"HolFit",-59.1256414657447,25,0.007883778,"Freshwater","2D","3D","Sander","Chironomus","Mechanistic"
"187",40082,0.000163679048571429,0.173345130879506,1.12836498953402,"CubFit",-52.2454927689907,"CubFit",-53.2866954228504,25,0.005297,"Freshwater","2D","3D","Sander","Chironomus","Phenomenological"
"188",40083,0.131371265277267,0.438722732772624,-1.10155632533133,"QuaFit",-56.6440756104624,"QuaFit",-57.4770377335502,25,0.007799778,"Freshwater","2D","3D","Sander","Chironomus","Phenomenological"
"189",40084,2.51136412163706,0.703569699078798,-1.68352196010238,"CubFit",-43.9551392272495,"CubFit",-44.9963418811092,25,0.006732667,"Freshwater","2D","3D","Sander","Chironomus","Phenomenological"
"190",40085,-3.24142176190775,0.0695890261372227,-1.04563004337251,"CubFit",-44.9976988426899,"CubFit",-46.0389014965497,25,0.007565222,"Freshwater","2D","3D","Sander","Chironomus","Phenomenological"
"191",40086,-0.24809494568035,-0.158584295973085,0.78,"HolFit",-50.4524332308385,"HolFit",-51.0771548231543,25,0.005324556,"Freshwater","2D","3D","Sander","Chironomus","Mechanistic"
"192",40087,6.16355921666667e-05,-0.129066127818078,-1.90923493728042,"QuaFit",-55.8680487482918,"QuaFit",-56.7010108713796,25,0.004971,"Freshwater","2D","3D","Sander","Chironomus","Phenomenological"
"193",40088,-2.71962374416402,0.314856622998209,0.655909519736289,"QuaFit",-79.7877060593195,"QuaFit",-80.6206681824073,15,0.000945778,"Freshwater","3D","3D","Sander","Cyprinus","Phenomenological"
"194",40089,9.40754625550662e-06,0.003297222,-0.143284990037466,"GenFit",-70.6490382276302,"GenFit",-71.273759819946,15,0.000804,"Freshwater","3D","3D","Sander","Cyprinus","Mechanistic"
"195",40090,-1.5679526437642,0.1819554772228,1.27762986999005,"HolFit",-71.6769949592077,"HolFit",-72.3017165515236,15,0.000464556,"Freshwater","3D","3D","Sander","Lepomis","Mechanistic"
"196",40091,-0.539635259553973,-0.0392602798528969,-1.22108243498951,"QuaFit",-70.9424713630919,"QuaFit",-71.7754334861797,15,0.000958556,"Freshwater","3D","3D","Sander","Lepomis","Phenomenological"
"197",40092,-0.139835256330994,1.13495504978074,-0.485042822547257,"HolFit",-71.4927466724757,"HolFit",-72.1174682647915,15,0.000578556,"Freshwater","3D","3D","Sander","Lepomis","Mechanistic"
"198",40093,0.280876636970788,-0.438559430185705,-1.71881867605904,"CubFit",-76.2226676234372,"CubFit",-77.2638702772969,15,0.000736556,"Freshwater","3D","3D","Sander","Lepomis","Phenomenological"
"199",40094,3.5694e-05,-4.03731758586318,-0.796446459805811,"GenFit",-72.0777951947521,"GenFit",-72.7025167870679,15,0.001132889,"Freshwater","3D","3D","Sander","Lepomis","Mechanistic"
"200",40095,-0.749711321201175,0.003370111,0.454055456444621,"CubFit",-79.6204144605632,"CubFit",-80.6616171144229,15,0.000909111,"Freshwater","3D","3D","Sander","Lepomis","Phenomenological"
"201",40096,-0.288294575177133,0.874500786885619,0.78,"CubFit",-86.181360821314,"CubFit",-87.2225634751738,15,0.000430556,"Freshwater","3D","3D","Sander","Lepomis","Phenomenological"
"202",40097,-0.36065881466493,0.898717283736914,-0.444254570640624,"CubFit",-87.4699578159573,"CubFit",-88.5111604698171,15,0.000645222,"Freshwater","3D","3D","Sander","Lepomis","Phenomenological"
"203",40098,-0.915573235143798,-4.74332144717496,-0.678227630443871,"GenFit",-479.814411086117,"GenFit",-476.280249595073,2,3.18e-05,"Marine","2D","2D","Cancer","Placopecten","Mechanistic"
"204",40099,-4.07113245167349,-0.170723866701182,-0.747089399024844,"QuaFit",-720.283391174376,"QuaFit",-713.52787335792,2,8.68e-06,"Marine","2D","2D","Asterias","Placopecten","Phenomenological"
"205",40100,1.74664096910455,-1.00124290795793,-0.940422213383904,"HolFit",-803.786329742039,"HolFit",-798.719691379697,11.11,2.16e-05,"Marine","2D","2D","Cancer","Placopecten","Mechanistic"
"206",40101,-0.859654831700027,0.0414336053654552,-1.42867274675518,"HolFit",-1441.8153422258,"HolFit",-1434.98534386875,1,1.16e-05,"Terrestrial","2D","2D","Repipta","Acalymma","Mechanistic"
"207",40102,2.16144863599211e-06,1.37042531313422,0.914005950420455,"GenFit",19.7616159091937,"GenFit",27.6069774597175,28700,0.023360226,"Freshwater","3D","3D","Brachionus","Monoraphidium","Mechanistic"
"208",40103,0.271175563335419,-4.79768953858783,1.30592099334209,"HolFit",-165.72222523556,"HolFit",-165.48390061052,10.6337,3.53e-06,"Terrestrial","2D","2D","Canis","Lepus","Mechanistic"
"209",40104,-0.370319475419819,-0.833603861030845,0.885717738853155,"HolFit",-182.664725215082,"HolFit",-182.426400590043,10.5922,4.83e-06,"Terrestrial","2D","2D","Lynx","Lepus","Mechanistic"
"210",40105,2.4585214021744,0.506786282429292,-0.221608559601009,"CubFit",-132.99342351652,"CubFit",-134.03462617038,2,2.22e-06,"Marine","2D","2D","Crangon","Pleuronectes","Phenomenological"
"211",40108,0.000112333306948344,-0.368523987010121,-0.727003394402077,"HolFit",-410.580424000565,"HolFit",-404.15101982139,3,0,"Marine","2D","2D","Crangon","Macoma","Mechanistic"
"212",40109,0.796080746687949,1.10791483312408,1.92726864293218,"CubFit",-507.004242205348,"HolFit",-499.806125572814,3,0,"Marine","2D","2D","Crangon","Macoma","Phenomenological"
"213",40110,-0.308719236403704,-0.970064560619679,-0.320364048375773,"HolFit",-543.080665413039,"HolFit",-536.250667055991,3,0,"Marine","2D","2D","Crangon","Macoma","Mechanistic"
"214",40111,-2.05143445259238,0.775908743496984,-0.473867245949805,"GenFit",-75.4481765021885,"GenFit",-76.0728980945044,10,0.000888889,"Freshwater","3D","3D","Notonecta","Daphnia","Mechanistic"
